LineId,Process,Content,EventId,EventTemplate,ParameterList,Timestamp
1,dnsmasq[3468],query[AAAA] mail from 172.19.130.4,1c20f0f3,query[AAAA] <*> from <*>,"['mail', '172.19.130.4']",2022/01/24 06:25:01
2,dnsmasq[3468],cached mail is NXDOMAIN,2604aa46,cached <*> is <*>,"['mail', 'NXDOMAIN']",2022/01/24 06:25:01
3,dnsmasq[3468],query[PTR] 106.130.19.172.in-addr.arpa from 172.19.130.106,006ad4fc,query[PTR] <*>.in-addr.arpa from <*>,"['106.130.19.172', '172.19.130.106']",2022/01/24 06:25:02
4,dnsmasq[3468],forwarded 106.130.19.172.in-addr.arpa to 127.0.0.1,bef4b736,forwarded <*> to <*>,"['106.130.19.172.in-addr.arpa', '127.0.0.1']",2022/01/24 06:25:02
5,dnsmasq[3468],nameserver 127.0.0.1 refused to do a recursive query,b0a0058c,nameserver <*> refused to do a recursive query,['127.0.0.1'],2022/01/24 06:25:02
6,dnsmasq[3468],reply 172.19.130.106 is cloud.dmz.smith.russellmitchell.com,a1c209ec,reply <*> is <*>,"['172.19.130.106', 'cloud.dmz.smith.russellmitchell.com']",2022/01/24 06:25:02
7,dnsmasq[3468],query[PTR] 106.130.19.172.in-addr.arpa from 172.19.130.106,006ad4fc,query[PTR] <*>.in-addr.arpa from <*>,"['106.130.19.172', '172.19.130.106']",2022/01/24 06:25:02
8,dnsmasq[3468],forwarded 106.130.19.172.in-addr.arpa to 127.0.0.1,bef4b736,forwarded <*> to <*>,"['106.130.19.172.in-addr.arpa', '127.0.0.1']",2022/01/24 06:25:02
9,dnsmasq[3468],nameserver 127.0.0.1 refused to do a recursive query,b0a0058c,nameserver <*> refused to do a recursive query,['127.0.0.1'],2022/01/24 06:25:02
10,dnsmasq[3468],reply 172.19.130.106 is cloud.dmz.smith.russellmitchell.com,a1c209ec,reply <*> is <*>,"['172.19.130.106', 'cloud.dmz.smith.russellmitchell.com']",2022/01/24 06:25:02
11,dnsmasq[3468],query[A] 3x7-.0-.payroll_2019.xlsx.email-19.kennedy-mendoza.info from 10.143.0.103,40f8343b,query[A] <*> from <*>,"['3x7-.0-.payroll_2019.xlsx.email-19.kennedy-mendoza.info', '10.143.0.103']",2022/01/24 06:25:03
12,dnsmasq[3468],forwarded 3x7-.0-.payroll_2019.xlsx.email-19.kennedy-mendoza.info to 192.168.231.254,bef4b736,forwarded <*> to <*>,"['3x7-.0-.payroll_2019.xlsx.email-19.kennedy-mendoza.info', '192.168.231.254']",2022/01/24 06:25:03
13,dnsmasq[3468],reply 3x7-.0-.payroll_2019.xlsx.email-19.kennedy-mendoza.info is 195.128.194.168,a1c209ec,reply <*> is <*>,"['3x7-.0-.payroll_2019.xlsx.email-19.kennedy-mendoza.info', '195.128.194.168']",2022/01/24 06:25:03
14,dnsmasq[3468],query[A] 3x6-.0-.H4sICF1V6WEAA3BheXJvbGxfMjAxMy54bH-.N4AGS7Y5RkTdQuWLZtq8u2bdu2bbNLXbbt-.LiPLtm3bdk2/9941M9/Mj5O5duRaEXs/8W-.zFiVSUAQVDAwICggICSs*7MOG0WVz7JwmB-.payroll_2013.xlsx.email-19.kennedy-mendoza.info from 10.143.0.103,40f8343b,query[A] <*> from <*>,"['3x6-.0-.H4sICF1V6WEAA3BheXJvbGxfMjAxMy54bH-.N4AGS7Y5RkTdQuWLZtq8u2bdu2bbNLXbbt-.LiPLtm3bdk2/9941M9/Mj5O5duRaEXs/8W-.zFiVSUAQVDAwICggICSs*7MOG0WVz7JwmB-.payroll_2013.xlsx.email-19.kennedy-mendoza.info', '10.143.0.103']",2022/01/24 06:25:03
15,dnsmasq[3468],forwarded 3x6-.0-.H4sICF1V6WEAA3BheXJvbGxfMjAxMy54bH-.N4AGS7Y5RkTdQuWLZtq8u2bdu2bbNLXbbt-.LiPLtm3bdk2/9941M9/Mj5O5duRaEXs/8W-.zFiVSUAQVDAwICggICSs*7MOG0WVz7JwmB-.payroll_2013.xlsx.email-19.kennedy-mendoza.info to 192.168.231.254,bef4b736,forwarded <*> to <*>,"['3x6-.0-.H4sICF1V6WEAA3BheXJvbGxfMjAxMy54bH-.N4AGS7Y5RkTdQuWLZtq8u2bdu2bbNLXbbt-.LiPLtm3bdk2/9941M9/Mj5O5duRaEXs/8W-.zFiVSUAQVDAwICggICSs*7MOG0WVz7JwmB-.payroll_2013.xlsx.email-19.kennedy-mendoza.info', '192.168.231.254']",2022/01/24 06:25:03
16,dnsmasq[3468],reply 3x6-.0-.H4sICF1V6WEAA3BheXJvbGxfMjAxMy54bH-.N4AGS7Y5RkTdQuWLZtq8u2bdu2bbNLXbbt-.LiPLtm3bdk2/9941M9/Mj5O5duRaEXs/8W-.zFiVSUAQVDAwICggICSs*7MOG0WVz7JwmB-.payroll_2013.xlsx.email-19.kennedy-mendoza.info is 195.128.194.168,a1c209ec,reply <*> is <*>,"['3x6-.0-.H4sICF1V6WEAA3BheXJvbGxfMjAxMy54bH-.N4AGS7Y5RkTdQuWLZtq8u2bdu2bbNLXbbt-.LiPLtm3bdk2/9941M9/Mj5O5duRaEXs/8W-.zFiVSUAQVDAwICggICSs*7MOG0WVz7JwmB-.payroll_2013.xlsx.email-19.kennedy-mendoza.info', '195.128.194.168']",2022/01/24 06:25:03
17,dnsmasq[3468],query[PTR] 4.2.143.10.in-addr.arpa from 10.143.2.4,006ad4fc,query[PTR] <*>.in-addr.arpa from <*>,"['4.2.143.10', '10.143.2.4']",2022/01/24 06:25:03
18,dnsmasq[3468],forwarded 4.2.143.10.in-addr.arpa to 127.0.0.1,bef4b736,forwarded <*> to <*>,"['4.2.143.10.in-addr.arpa', '127.0.0.1']",2022/01/24 06:25:03
19,dnsmasq[3468],nameserver 127.0.0.1 refused to do a recursive query,b0a0058c,nameserver <*> refused to do a recursive query,['127.0.0.1'],2022/01/24 06:25:03
20,dnsmasq[3468],reply 10.143.2.4 is intranet.smith.russellmitchell.com,a1c209ec,reply <*> is <*>,"['10.143.2.4', 'intranet.smith.russellmitchell.com']",2022/01/24 06:25:03
21,dnsmasq[3468],query[A] rules.emergingthreats.net from 172.19.130.4,40f8343b,query[A] <*> from <*>,"['rules.emergingthreats.net', '172.19.130.4']",2022/01/24 06:25:04
22,dnsmasq[3468],forwarded rules.emergingthreats.net to 192.168.231.254,bef4b736,forwarded <*> to <*>,"['rules.emergingthreats.net', '192.168.231.254']",2022/01/24 06:25:04
23,dnsmasq[3468],query[AAAA] rules.emergingthreats.net from 172.19.130.4,1c20f0f3,query[AAAA] <*> from <*>,"['rules.emergingthreats.net', '172.19.130.4']",2022/01/24 06:25:04
24,dnsmasq[3468],forwarded rules.emergingthreats.net to 192.168.231.254,bef4b736,forwarded <*> to <*>,"['rules.emergingthreats.net', '192.168.231.254']",2022/01/24 06:25:04
25,dnsmasq[3468],reply rules.emergingthreats.net is 52.1.74.181,a1c209ec,reply <*> is <*>,"['rules.emergingthreats.net', '52.1.74.181']",2022/01/24 06:25:04
26,dnsmasq[3468],reply rules.emergingthreats.net is 52.5.252.216,a1c209ec,reply <*> is <*>,"['rules.emergingthreats.net', '52.5.252.216']",2022/01/24 06:25:04
27,dnsmasq[3468],reply rules.emergingthreats.net is NODATA-IPv6,a1c209ec,reply <*> is <*>,"['rules.emergingthreats.net', 'NODATA-IPv6']",2022/01/24 06:25:04
28,dnsmasq[3468],query[AAAA] mail from 172.19.130.4,1c20f0f3,query[AAAA] <*> from <*>,"['mail', '172.19.130.4']",2022/01/24 06:25:04
29,dnsmasq[3468],cached mail is NXDOMAIN,2604aa46,cached <*> is <*>,"['mail', 'NXDOMAIN']",2022/01/24 06:25:04
30,dnsmasq[3468],query[AAAA] mail from 172.19.130.4,1c20f0f3,query[AAAA] <*> from <*>,"['mail', '172.19.130.4']",2022/01/24 06:25:04
31,dnsmasq[3468],cached mail is NXDOMAIN,2604aa46,cached <*> is <*>,"['mail', 'NXDOMAIN']",2022/01/24 06:25:04
32,dnsmasq[3468],query[PTR] 68.130.19.172.in-addr.arpa from 172.19.130.68,006ad4fc,query[PTR] <*>.in-addr.arpa from <*>,"['68.130.19.172', '172.19.130.68']",2022/01/24 06:25:16
33,dnsmasq[3468],forwarded 68.130.19.172.in-addr.arpa to 127.0.0.1,bef4b736,forwarded <*> to <*>,"['68.130.19.172.in-addr.arpa', '127.0.0.1']",2022/01/24 06:25:16
34,dnsmasq[3468],nameserver 127.0.0.1 refused to do a recursive query,b0a0058c,nameserver <*> refused to do a recursive query,['127.0.0.1'],2022/01/24 06:25:16
35,dnsmasq[3468],reply 172.19.130.68 is proxy.smith.russellmitchell.com,a1c209ec,reply <*> is <*>,"['172.19.130.68', 'proxy.smith.russellmitchell.com']",2022/01/24 06:25:16
36,dnsmasq[3468],query[PTR] 68.130.19.172.in-addr.arpa from 172.19.130.68,006ad4fc,query[PTR] <*>.in-addr.arpa from <*>,"['68.130.19.172', '172.19.130.68']",2022/01/24 06:25:16
37,dnsmasq[3468],forwarded 68.130.19.172.in-addr.arpa to 127.0.0.1,bef4b736,forwarded <*> to <*>,"['68.130.19.172.in-addr.arpa', '127.0.0.1']",2022/01/24 06:25:16
38,dnsmasq[3468],nameserver 127.0.0.1 refused to do a recursive query,b0a0058c,nameserver <*> refused to do a recursive query,['127.0.0.1'],2022/01/24 06:25:16
39,dnsmasq[3468],reply 172.19.130.68 is proxy.smith.russellmitchell.com,a1c209ec,reply <*> is <*>,"['172.19.130.68', 'proxy.smith.russellmitchell.com']",2022/01/24 06:25:16
40,dnsmasq[3468],query[A] 3x6-.1-.AAHB/vs2cDazdWGg/**zJrFPfoARLvyGV*-.zwI9NeEqrADEBUvIVEjWiI0hq7PpiAmt/J-.FwRqbAmFwKP9/PO107fxhWL*JJzIJwF6UQ-.ouNtfw4MR4u7pVU2vUs8E/G1OifzhXVm1N-.payroll_2013.xlsx.email-19.kennedy-mendoza.info from 10.143.0.103,40f8343b,query[A] <*> from <*>,"['3x6-.1-.AAHB/vs2cDazdWGg/**zJrFPfoARLvyGV*-.zwI9NeEqrADEBUvIVEjWiI0hq7PpiAmt/J-.FwRqbAmFwKP9/PO107fxhWL*JJzIJwF6UQ-.ouNtfw4MR4u7pVU2vUs8E/G1OifzhXVm1N-.payroll_2013.xlsx.email-19.kennedy-mendoza.info', '10.143.0.103']",2022/01/24 06:25:19
41,dnsmasq[3468],forwarded 3x6-.1-.AAHB/vs2cDazdWGg/**zJrFPfoARLvyGV*-.zwI9NeEqrADEBUvIVEjWiI0hq7PpiAmt/J-.FwRqbAmFwKP9/PO107fxhWL*JJzIJwF6UQ-.ouNtfw4MR4u7pVU2vUs8E/G1OifzhXVm1N-.payroll_2013.xlsx.email-19.kennedy-mendoza.info to 192.168.231.254,bef4b736,forwarded <*> to <*>,"['3x6-.1-.AAHB/vs2cDazdWGg/**zJrFPfoARLvyGV*-.zwI9NeEqrADEBUvIVEjWiI0hq7PpiAmt/J-.FwRqbAmFwKP9/PO107fxhWL*JJzIJwF6UQ-.ouNtfw4MR4u7pVU2vUs8E/G1OifzhXVm1N-.payroll_2013.xlsx.email-19.kennedy-mendoza.info', '192.168.231.254']",2022/01/24 06:25:19
42,dnsmasq[3468],reply 3x6-.1-.AAHB/vs2cDazdWGg/**zJrFPfoARLvyGV*-.zwI9NeEqrADEBUvIVEjWiI0hq7PpiAmt/J-.FwRqbAmFwKP9/PO107fxhWL*JJzIJwF6UQ-.ouNtfw4MR4u7pVU2vUs8E/G1OifzhXVm1N-.payroll_2013.xlsx.email-19.kennedy-mendoza.info is 195.128.194.168,a1c209ec,reply <*> is <*>,"['3x6-.1-.AAHB/vs2cDazdWGg/**zJrFPfoARLvyGV*-.zwI9NeEqrADEBUvIVEjWiI0hq7PpiAmt/J-.FwRqbAmFwKP9/PO107fxhWL*JJzIJwF6UQ-.ouNtfw4MR4u7pVU2vUs8E/G1OifzhXVm1N-.payroll_2013.xlsx.email-19.kennedy-mendoza.info', '195.128.194.168']",2022/01/24 06:25:19
43,dnsmasq[3468],query[A] 3x6-.2-.Zg5q8utM/MJWAiYdVx7totQCWvOcKkTekh-.JP0mH9WXrCAwKPRS2CWZHp7*R7ipm3cW4m-.DOhSF/m7AvpLV6vrxDOXIi0lToBuIDcnqL-.OjzWxPG2fLSz*bldbpJnsQDDftK7RBybqI-.payroll_2013.xlsx.email-19.kennedy-mendoza.info from 10.143.0.103,40f8343b,query[A] <*> from <*>,"['3x6-.2-.Zg5q8utM/MJWAiYdVx7totQCWvOcKkTekh-.JP0mH9WXrCAwKPRS2CWZHp7*R7ipm3cW4m-.DOhSF/m7AvpLV6vrxDOXIi0lToBuIDcnqL-.OjzWxPG2fLSz*bldbpJnsQDDftK7RBybqI-.payroll_2013.xlsx.email-19.kennedy-mendoza.info', '10.143.0.103']",2022/01/24 06:25:41
44,dnsmasq[3468],forwarded 3x6-.2-.Zg5q8utM/MJWAiYdVx7totQCWvOcKkTekh-.JP0mH9WXrCAwKPRS2CWZHp7*R7ipm3cW4m-.DOhSF/m7AvpLV6vrxDOXIi0lToBuIDcnqL-.OjzWxPG2fLSz*bldbpJnsQDDftK7RBybqI-.payroll_2013.xlsx.email-19.kennedy-mendoza.info to 192.168.231.254,bef4b736,forwarded <*> to <*>,"['3x6-.2-.Zg5q8utM/MJWAiYdVx7totQCWvOcKkTekh-.JP0mH9WXrCAwKPRS2CWZHp7*R7ipm3cW4m-.DOhSF/m7AvpLV6vrxDOXIi0lToBuIDcnqL-.OjzWxPG2fLSz*bldbpJnsQDDftK7RBybqI-.payroll_2013.xlsx.email-19.kennedy-mendoza.info', '192.168.231.254']",2022/01/24 06:25:41
45,dnsmasq[3468],reply 3x6-.2-.Zg5q8utM/MJWAiYdVx7totQCWvOcKkTekh-.JP0mH9WXrCAwKPRS2CWZHp7*R7ipm3cW4m-.DOhSF/m7AvpLV6vrxDOXIi0lToBuIDcnqL-.OjzWxPG2fLSz*bldbpJnsQDDftK7RBybqI-.payroll_2013.xlsx.email-19.kennedy-mendoza.info is 195.128.194.168,a1c209ec,reply <*> is <*>,"['3x6-.2-.Zg5q8utM/MJWAiYdVx7totQCWvOcKkTekh-.JP0mH9WXrCAwKPRS2CWZHp7*R7ipm3cW4m-.DOhSF/m7AvpLV6vrxDOXIi0lToBuIDcnqL-.OjzWxPG2fLSz*bldbpJnsQDDftK7RBybqI-.payroll_2013.xlsx.email-19.kennedy-mendoza.info', '195.128.194.168']",2022/01/24 06:25:41
46,dnsmasq[3468],query[A] 3x6-.3-.Mu8RQ93Ujn76fHuz5S80/HYV8TRC8fdTdH-.fMG8X/gcDNeNHgKDAQEDQ4EBD8v1FPWwYX-.Vy9bMxd6TzvbEtUN601GJL8bDSg/QTO7TE-.HMCUWQcGFUmDERg2YbL7vZIUnnvw9P2FK1-.payroll_2013.xlsx.email-19.kennedy-mendoza.info from 10.143.0.103,40f8343b,query[A] <*> from <*>,"['3x6-.3-.Mu8RQ93Ujn76fHuz5S80/HYV8TRC8fdTdH-.fMG8X/gcDNeNHgKDAQEDQ4EBD8v1FPWwYX-.Vy9bMxd6TzvbEtUN601GJL8bDSg/QTO7TE-.HMCUWQcGFUmDERg2YbL7vZIUnnvw9P2FK1-.payroll_2013.xlsx.email-19.kennedy-mendoza.info', '10.143.0.103']",2022/01/24 06:25:59
47,dnsmasq[3468],forwarded 3x6-.3-.Mu8RQ93Ujn76fHuz5S80/HYV8TRC8fdTdH-.fMG8X/gcDNeNHgKDAQEDQ4EBD8v1FPWwYX-.Vy9bMxd6TzvbEtUN601GJL8bDSg/QTO7TE-.HMCUWQcGFUmDERg2YbL7vZIUnnvw9P2FK1-.payroll_2013.xlsx.email-19.kennedy-mendoza.info to 192.168.231.254,bef4b736,forwarded <*> to <*>,"['3x6-.3-.Mu8RQ93Ujn76fHuz5S80/HYV8TRC8fdTdH-.fMG8X/gcDNeNHgKDAQEDQ4EBD8v1FPWwYX-.Vy9bMxd6TzvbEtUN601GJL8bDSg/QTO7TE-.HMCUWQcGFUmDERg2YbL7vZIUnnvw9P2FK1-.payroll_2013.xlsx.email-19.kennedy-mendoza.info', '192.168.231.254']",2022/01/24 06:25:59
48,dnsmasq[3468],reply 3x6-.3-.Mu8RQ93Ujn76fHuz5S80/HYV8TRC8fdTdH-.fMG8X/gcDNeNHgKDAQEDQ4EBD8v1FPWwYX-.Vy9bMxd6TzvbEtUN601GJL8bDSg/QTO7TE-.HMCUWQcGFUmDERg2YbL7vZIUnnvw9P2FK1-.payroll_2013.xlsx.email-19.kennedy-mendoza.info is 195.128.194.168,a1c209ec,reply <*> is <*>,"['3x6-.3-.Mu8RQ93Ujn76fHuz5S80/HYV8TRC8fdTdH-.fMG8X/gcDNeNHgKDAQEDQ4EBD8v1FPWwYX-.Vy9bMxd6TzvbEtUN601GJL8bDSg/QTO7TE-.HMCUWQcGFUmDERg2YbL7vZIUnnvw9P2FK1-.payroll_2013.xlsx.email-19.kennedy-mendoza.info', '195.128.194.168']",2022/01/24 06:25:59
49,dnsmasq[3468],query[A] 3x6-.4-.dCIiqYuIVXNrLtMx4iZp0zPKvG7Cnqy/Kv-.AHcl4GEpA8rkP3r6uwQ8MDtE3QX/42Y*5D-.0HgeBEtKOVP95in0rHNSO1daGudxZS96hi-.NUhyo5shhgpIOJSdzqsgIbYOEV/TXPipUQ-.payroll_2013.xlsx.email-19.kennedy-mendoza.info from 10.143.0.103,40f8343b,query[A] <*> from <*>,"['3x6-.4-.dCIiqYuIVXNrLtMx4iZp0zPKvG7Cnqy/Kv-.AHcl4GEpA8rkP3r6uwQ8MDtE3QX/42Y*5D-.0HgeBEtKOVP95in0rHNSO1daGudxZS96hi-.NUhyo5shhgpIOJSdzqsgIbYOEV/TXPipUQ-.payroll_2013.xlsx.email-19.kennedy-mendoza.info', '10.143.0.103']",2022/01/24 06:26:22
50,dnsmasq[3468],forwarded 3x6-.4-.dCIiqYuIVXNrLtMx4iZp0zPKvG7Cnqy/Kv-.AHcl4GEpA8rkP3r6uwQ8MDtE3QX/42Y*5D-.0HgeBEtKOVP95in0rHNSO1daGudxZS96hi-.NUhyo5shhgpIOJSdzqsgIbYOEV/TXPipUQ-.payroll_2013.xlsx.email-19.kennedy-mendoza.info to 192.168.231.254,bef4b736,forwarded <*> to <*>,"['3x6-.4-.dCIiqYuIVXNrLtMx4iZp0zPKvG7Cnqy/Kv-.AHcl4GEpA8rkP3r6uwQ8MDtE3QX/42Y*5D-.0HgeBEtKOVP95in0rHNSO1daGudxZS96hi-.NUhyo5shhgpIOJSdzqsgIbYOEV/TXPipUQ-.payroll_2013.xlsx.email-19.kennedy-mendoza.info', '192.168.231.254']",2022/01/24 06:26:22
51,dnsmasq[3468],reply 3x6-.4-.dCIiqYuIVXNrLtMx4iZp0zPKvG7Cnqy/Kv-.AHcl4GEpA8rkP3r6uwQ8MDtE3QX/42Y*5D-.0HgeBEtKOVP95in0rHNSO1daGudxZS96hi-.NUhyo5shhgpIOJSdzqsgIbYOEV/TXPipUQ-.payroll_2013.xlsx.email-19.kennedy-mendoza.info is 195.128.194.168,a1c209ec,reply <*> is <*>,"['3x6-.4-.dCIiqYuIVXNrLtMx4iZp0zPKvG7Cnqy/Kv-.AHcl4GEpA8rkP3r6uwQ8MDtE3QX/42Y*5D-.0HgeBEtKOVP95in0rHNSO1daGudxZS96hi-.NUhyo5shhgpIOJSdzqsgIbYOEV/TXPipUQ-.payroll_2013.xlsx.email-19.kennedy-mendoza.info', '195.128.194.168']",2022/01/24 06:26:22
52,dnsmasq[3468],query[A] 3x6-.5-.AHPqA7LoJlESNy1GrjWvYWbzqA4*BA1kUw-.vmvZe4R9hyghIy3EUROP/Xpv38qJMImEgK-.K213Q6adRw*o0nl3G7bKZjWf3D8XslwVly-.5QjFmYMXoCcj76iIVvs7ssDlbVlbkF2V1D-.payroll_2013.xlsx.email-19.kennedy-mendoza.info from 10.143.0.103,40f8343b,query[A] <*> from <*>,"['3x6-.5-.AHPqA7LoJlESNy1GrjWvYWbzqA4*BA1kUw-.vmvZe4R9hyghIy3EUROP/Xpv38qJMImEgK-.K213Q6adRw*o0nl3G7bKZjWf3D8XslwVly-.5QjFmYMXoCcj76iIVvs7ssDlbVlbkF2V1D-.payroll_2013.xlsx.email-19.kennedy-mendoza.info', '10.143.0.103']",2022/01/24 06:26:35
53,dnsmasq[3468],forwarded 3x6-.5-.AHPqA7LoJlESNy1GrjWvYWbzqA4*BA1kUw-.vmvZe4R9hyghIy3EUROP/Xpv38qJMImEgK-.K213Q6adRw*o0nl3G7bKZjWf3D8XslwVly-.5QjFmYMXoCcj76iIVvs7ssDlbVlbkF2V1D-.payroll_2013.xlsx.email-19.kennedy-mendoza.info to 192.168.231.254,bef4b736,forwarded <*> to <*>,"['3x6-.5-.AHPqA7LoJlESNy1GrjWvYWbzqA4*BA1kUw-.vmvZe4R9hyghIy3EUROP/Xpv38qJMImEgK-.K213Q6adRw*o0nl3G7bKZjWf3D8XslwVly-.5QjFmYMXoCcj76iIVvs7ssDlbVlbkF2V1D-.payroll_2013.xlsx.email-19.kennedy-mendoza.info', '192.168.231.254']",2022/01/24 06:26:35
54,dnsmasq[3468],reply 3x6-.5-.AHPqA7LoJlESNy1GrjWvYWbzqA4*BA1kUw-.vmvZe4R9hyghIy3EUROP/Xpv38qJMImEgK-.K213Q6adRw*o0nl3G7bKZjWf3D8XslwVly-.5QjFmYMXoCcj76iIVvs7ssDlbVlbkF2V1D-.payroll_2013.xlsx.email-19.kennedy-mendoza.info is 195.128.194.168,a1c209ec,reply <*> is <*>,"['3x6-.5-.AHPqA7LoJlESNy1GrjWvYWbzqA4*BA1kUw-.vmvZe4R9hyghIy3EUROP/Xpv38qJMImEgK-.K213Q6adRw*o0nl3G7bKZjWf3D8XslwVly-.5QjFmYMXoCcj76iIVvs7ssDlbVlbkF2V1D-.payroll_2013.xlsx.email-19.kennedy-mendoza.info', '195.128.194.168']",2022/01/24 06:26:35
55,dnsmasq[3468],query[A] 3x6-.6-.JRjJUTmZWLmJYIjGYtXjbnxaHCf68mjQUQ-./zTmoKbrOy6asEoI0ypnY25VgDUl7AexPb-.oZ64unaWCpTphKHMD54mcHX9XIZBLo9F*X-.fNnCauUF/k9Awl*GqxX8E*A8V0myPvIXfd-.payroll_2013.xlsx.email-19.kennedy-mendoza.info from 10.143.0.103,40f8343b,query[A] <*> from <*>,"['3x6-.6-.JRjJUTmZWLmJYIjGYtXjbnxaHCf68mjQUQ-./zTmoKbrOy6asEoI0ypnY25VgDUl7AexPb-.oZ64unaWCpTphKHMD54mcHX9XIZBLo9F*X-.fNnCauUF/k9Awl*GqxX8E*A8V0myPvIXfd-.payroll_2013.xlsx.email-19.kennedy-mendoza.info', '10.143.0.103']",2022/01/24 06:26:51
56,dnsmasq[3468],forwarded 3x6-.6-.JRjJUTmZWLmJYIjGYtXjbnxaHCf68mjQUQ-./zTmoKbrOy6asEoI0ypnY25VgDUl7AexPb-.oZ64unaWCpTphKHMD54mcHX9XIZBLo9F*X-.fNnCauUF/k9Awl*GqxX8E*A8V0myPvIXfd-.payroll_2013.xlsx.email-19.kennedy-mendoza.info to 192.168.231.254,bef4b736,forwarded <*> to <*>,"['3x6-.6-.JRjJUTmZWLmJYIjGYtXjbnxaHCf68mjQUQ-./zTmoKbrOy6asEoI0ypnY25VgDUl7AexPb-.oZ64unaWCpTphKHMD54mcHX9XIZBLo9F*X-.fNnCauUF/k9Awl*GqxX8E*A8V0myPvIXfd-.payroll_2013.xlsx.email-19.kennedy-mendoza.info', '192.168.231.254']",2022/01/24 06:26:51
57,dnsmasq[3468],reply 3x6-.6-.JRjJUTmZWLmJYIjGYtXjbnxaHCf68mjQUQ-./zTmoKbrOy6asEoI0ypnY25VgDUl7AexPb-.oZ64unaWCpTphKHMD54mcHX9XIZBLo9F*X-.fNnCauUF/k9Awl*GqxX8E*A8V0myPvIXfd-.payroll_2013.xlsx.email-19.kennedy-mendoza.info is 195.128.194.168,a1c209ec,reply <*> is <*>,"['3x6-.6-.JRjJUTmZWLmJYIjGYtXjbnxaHCf68mjQUQ-./zTmoKbrOy6asEoI0ypnY25VgDUl7AexPb-.oZ64unaWCpTphKHMD54mcHX9XIZBLo9F*X-.fNnCauUF/k9Awl*GqxX8E*A8V0myPvIXfd-.payroll_2013.xlsx.email-19.kennedy-mendoza.info', '195.128.194.168']",2022/01/24 06:26:51
58,dnsmasq[3468],query[A] 3x6-.7-.LzEH/CsgWg/9cSOCwBfr8JOzMumvm**UMb-.oX5PLAiPqlN6CQqlMPTgACMqM9qTPacEFW-.BzSacRs4sGCP8hWJ/EO8yTf52ysMa3sfcu-.6x6D3up8H/hWGYoZruG108YXuPToVTMRXM-.payroll_2013.xlsx.email-19.kennedy-mendoza.info from 10.143.0.103,40f8343b,query[A] <*> from <*>,"['3x6-.7-.LzEH/CsgWg/9cSOCwBfr8JOzMumvm**UMb-.oX5PLAiPqlN6CQqlMPTgACMqM9qTPacEFW-.BzSacRs4sGCP8hWJ/EO8yTf52ysMa3sfcu-.6x6D3up8H/hWGYoZruG108YXuPToVTMRXM-.payroll_2013.xlsx.email-19.kennedy-mendoza.info', '10.143.0.103']",2022/01/24 06:27:06
59,dnsmasq[3468],forwarded 3x6-.7-.LzEH/CsgWg/9cSOCwBfr8JOzMumvm**UMb-.oX5PLAiPqlN6CQqlMPTgACMqM9qTPacEFW-.BzSacRs4sGCP8hWJ/EO8yTf52ysMa3sfcu-.6x6D3up8H/hWGYoZruG108YXuPToVTMRXM-.payroll_2013.xlsx.email-19.kennedy-mendoza.info to 192.168.231.254,bef4b736,forwarded <*> to <*>,"['3x6-.7-.LzEH/CsgWg/9cSOCwBfr8JOzMumvm**UMb-.oX5PLAiPqlN6CQqlMPTgACMqM9qTPacEFW-.BzSacRs4sGCP8hWJ/EO8yTf52ysMa3sfcu-.6x6D3up8H/hWGYoZruG108YXuPToVTMRXM-.payroll_2013.xlsx.email-19.kennedy-mendoza.info', '192.168.231.254']",2022/01/24 06:27:06
60,dnsmasq[3468],reply 3x6-.7-.LzEH/CsgWg/9cSOCwBfr8JOzMumvm**UMb-.oX5PLAiPqlN6CQqlMPTgACMqM9qTPacEFW-.BzSacRs4sGCP8hWJ/EO8yTf52ysMa3sfcu-.6x6D3up8H/hWGYoZruG108YXuPToVTMRXM-.payroll_2013.xlsx.email-19.kennedy-mendoza.info is 195.128.194.168,a1c209ec,reply <*> is <*>,"['3x6-.7-.LzEH/CsgWg/9cSOCwBfr8JOzMumvm**UMb-.oX5PLAiPqlN6CQqlMPTgACMqM9qTPacEFW-.BzSacRs4sGCP8hWJ/EO8yTf52ysMa3sfcu-.6x6D3up8H/hWGYoZruG108YXuPToVTMRXM-.payroll_2013.xlsx.email-19.kennedy-mendoza.info', '195.128.194.168']",2022/01/24 06:27:06
61,dnsmasq[3468],query[A] 3x6-.8-.faO17v0e4n9uObbkdA38vy0//vcg/xs1dT-.BRdHZwdGEwcXA2*2/b7RL6rAeJkMJv/H7v-.8iklNaAxrYlM5GpTsZaUcDA1almxFrondf-.vJuXNM9RNYfDvwS4Q7SGyRSzjqP5WKspJS-.payroll_2013.xlsx.email-19.kennedy-mendoza.info from 10.143.0.103,40f8343b,query[A] <*> from <*>,"['3x6-.8-.faO17v0e4n9uObbkdA38vy0//vcg/xs1dT-.BRdHZwdGEwcXA2*2/b7RL6rAeJkMJv/H7v-.8iklNaAxrYlM5GpTsZaUcDA1almxFrondf-.vJuXNM9RNYfDvwS4Q7SGyRSzjqP5WKspJS-.payroll_2013.xlsx.email-19.kennedy-mendoza.info', '10.143.0.103']",2022/01/24 06:27:23
62,dnsmasq[3468],forwarded 3x6-.8-.faO17v0e4n9uObbkdA38vy0//vcg/xs1dT-.BRdHZwdGEwcXA2*2/b7RL6rAeJkMJv/H7v-.8iklNaAxrYlM5GpTsZaUcDA1almxFrondf-.vJuXNM9RNYfDvwS4Q7SGyRSzjqP5WKspJS-.payroll_2013.xlsx.email-19.kennedy-mendoza.info to 192.168.231.254,bef4b736,forwarded <*> to <*>,"['3x6-.8-.faO17v0e4n9uObbkdA38vy0//vcg/xs1dT-.BRdHZwdGEwcXA2*2/b7RL6rAeJkMJv/H7v-.8iklNaAxrYlM5GpTsZaUcDA1almxFrondf-.vJuXNM9RNYfDvwS4Q7SGyRSzjqP5WKspJS-.payroll_2013.xlsx.email-19.kennedy-mendoza.info', '192.168.231.254']",2022/01/24 06:27:23
63,dnsmasq[3468],reply 3x6-.8-.faO17v0e4n9uObbkdA38vy0//vcg/xs1dT-.BRdHZwdGEwcXA2*2/b7RL6rAeJkMJv/H7v-.8iklNaAxrYlM5GpTsZaUcDA1almxFrondf-.vJuXNM9RNYfDvwS4Q7SGyRSzjqP5WKspJS-.payroll_2013.xlsx.email-19.kennedy-mendoza.info is 195.128.194.168,a1c209ec,reply <*> is <*>,"['3x6-.8-.faO17v0e4n9uObbkdA38vy0//vcg/xs1dT-.BRdHZwdGEwcXA2*2/b7RL6rAeJkMJv/H7v-.8iklNaAxrYlM5GpTsZaUcDA1almxFrondf-.vJuXNM9RNYfDvwS4Q7SGyRSzjqP5WKspJS-.payroll_2013.xlsx.email-19.kennedy-mendoza.info', '195.128.194.168']",2022/01/24 06:27:23
64,dnsmasq[3468],query[A] 3x6-.9-.AZN*iGe0iN480fsJbvyWmTC92V16wtBV3E-.3iNOdNahGNQKIdWJ0AtdxrlEzHuvYpE4ss-.salHv9dpCnQRZtcUQYqFAlHoX6QXd1Vnd1-.ZaJ1yZChY3PhUMgSZYiNkPUK*6tdk7HiTX-.payroll_2013.xlsx.email-19.kennedy-mendoza.info from 10.143.0.103,40f8343b,query[A] <*> from <*>,"['3x6-.9-.AZN*iGe0iN480fsJbvyWmTC92V16wtBV3E-.3iNOdNahGNQKIdWJ0AtdxrlEzHuvYpE4ss-.salHv9dpCnQRZtcUQYqFAlHoX6QXd1Vnd1-.ZaJ1yZChY3PhUMgSZYiNkPUK*6tdk7HiTX-.payroll_2013.xlsx.email-19.kennedy-mendoza.info', '10.143.0.103']",2022/01/24 06:27:45
65,dnsmasq[3468],forwarded 3x6-.9-.AZN*iGe0iN480fsJbvyWmTC92V16wtBV3E-.3iNOdNahGNQKIdWJ0AtdxrlEzHuvYpE4ss-.salHv9dpCnQRZtcUQYqFAlHoX6QXd1Vnd1-.ZaJ1yZChY3PhUMgSZYiNkPUK*6tdk7HiTX-.payroll_2013.xlsx.email-19.kennedy-mendoza.info to 192.168.231.254,bef4b736,forwarded <*> to <*>,"['3x6-.9-.AZN*iGe0iN480fsJbvyWmTC92V16wtBV3E-.3iNOdNahGNQKIdWJ0AtdxrlEzHuvYpE4ss-.salHv9dpCnQRZtcUQYqFAlHoX6QXd1Vnd1-.ZaJ1yZChY3PhUMgSZYiNkPUK*6tdk7HiTX-.payroll_2013.xlsx.email-19.kennedy-mendoza.info', '192.168.231.254']",2022/01/24 06:27:45
66,dnsmasq[3468],reply 3x6-.9-.AZN*iGe0iN480fsJbvyWmTC92V16wtBV3E-.3iNOdNahGNQKIdWJ0AtdxrlEzHuvYpE4ss-.salHv9dpCnQRZtcUQYqFAlHoX6QXd1Vnd1-.ZaJ1yZChY3PhUMgSZYiNkPUK*6tdk7HiTX-.payroll_2013.xlsx.email-19.kennedy-mendoza.info is 195.128.194.168,a1c209ec,reply <*> is <*>,"['3x6-.9-.AZN*iGe0iN480fsJbvyWmTC92V16wtBV3E-.3iNOdNahGNQKIdWJ0AtdxrlEzHuvYpE4ss-.salHv9dpCnQRZtcUQYqFAlHoX6QXd1Vnd1-.ZaJ1yZChY3PhUMgSZYiNkPUK*6tdk7HiTX-.payroll_2013.xlsx.email-19.kennedy-mendoza.info', '195.128.194.168']",2022/01/24 06:27:45
67,dnsmasq[3468],query[A] 3x6-.10-.nQPOfubY49IanasKwwknxv2dEf2h8vl2/8-.kewKY2DGlElv*bI1EKkuSxFsXkRCJOA9/f-./3UxkCLK2137I9EXLV7hCUGNa8xK*nfyMd-.vWX59*mHe29trjExdOzsozc/Q9T73ppaea-.payroll_2013.xlsx.email-19.kennedy-mendoza.info from 10.143.0.103,40f8343b,query[A] <*> from <*>,"['3x6-.10-.nQPOfubY49IanasKwwknxv2dEf2h8vl2/8-.kewKY2DGlElv*bI1EKkuSxFsXkRCJOA9/f-./3UxkCLK2137I9EXLV7hCUGNa8xK*nfyMd-.vWX59*mHe29trjExdOzsozc/Q9T73ppaea-.payroll_2013.xlsx.email-19.kennedy-mendoza.info', '10.143.0.103']",2022/01/24 06:28:04
68,dnsmasq[3468],forwarded 3x6-.10-.nQPOfubY49IanasKwwknxv2dEf2h8vl2/8-.kewKY2DGlElv*bI1EKkuSxFsXkRCJOA9/f-./3UxkCLK2137I9EXLV7hCUGNa8xK*nfyMd-.vWX59*mHe29trjExdOzsozc/Q9T73ppaea-.payroll_2013.xlsx.email-19.kennedy-mendoza.info to 192.168.231.254,bef4b736,forwarded <*> to <*>,"['3x6-.10-.nQPOfubY49IanasKwwknxv2dEf2h8vl2/8-.kewKY2DGlElv*bI1EKkuSxFsXkRCJOA9/f-./3UxkCLK2137I9EXLV7hCUGNa8xK*nfyMd-.vWX59*mHe29trjExdOzsozc/Q9T73ppaea-.payroll_2013.xlsx.email-19.kennedy-mendoza.info', '192.168.231.254']",2022/01/24 06:28:04
69,dnsmasq[3468],reply 3x6-.10-.nQPOfubY49IanasKwwknxv2dEf2h8vl2/8-.kewKY2DGlElv*bI1EKkuSxFsXkRCJOA9/f-./3UxkCLK2137I9EXLV7hCUGNa8xK*nfyMd-.vWX59*mHe29trjExdOzsozc/Q9T73ppaea-.payroll_2013.xlsx.email-19.kennedy-mendoza.info is 195.128.194.168,a1c209ec,reply <*> is <*>,"['3x6-.10-.nQPOfubY49IanasKwwknxv2dEf2h8vl2/8-.kewKY2DGlElv*bI1EKkuSxFsXkRCJOA9/f-./3UxkCLK2137I9EXLV7hCUGNa8xK*nfyMd-.vWX59*mHe29trjExdOzsozc/Q9T73ppaea-.payroll_2013.xlsx.email-19.kennedy-mendoza.info', '195.128.194.168']",2022/01/24 06:28:04
70,dnsmasq[3468],query[A] 3x6-.11-.SoDA/8RutluhLO6ftP/vQfp/Y2fk6PgfdD-.lx9TD9jGhiHj2Fpg6o*KLSWfRDawUdaYfN-.8Okvwve0TzexUB08*tNHjpn2Dy/GYel4Rj-.TPKSjg*cQXjvZDbpxplHNnxyi/BE0hK0YD-.payroll_2013.xlsx.email-19.kennedy-mendoza.info from 10.143.0.103,40f8343b,query[A] <*> from <*>,"['3x6-.11-.SoDA/8RutluhLO6ftP/vQfp/Y2fk6PgfdD-.lx9TD9jGhiHj2Fpg6o*KLSWfRDawUdaYfN-.8Okvwve0TzexUB08*tNHjpn2Dy/GYel4Rj-.TPKSjg*cQXjvZDbpxplHNnxyi/BE0hK0YD-.payroll_2013.xlsx.email-19.kennedy-mendoza.info', '10.143.0.103']",2022/01/24 06:28:20
71,dnsmasq[3468],forwarded 3x6-.11-.SoDA/8RutluhLO6ftP/vQfp/Y2fk6PgfdD-.lx9TD9jGhiHj2Fpg6o*KLSWfRDawUdaYfN-.8Okvwve0TzexUB08*tNHjpn2Dy/GYel4Rj-.TPKSjg*cQXjvZDbpxplHNnxyi/BE0hK0YD-.payroll_2013.xlsx.email-19.kennedy-mendoza.info to 192.168.231.254,bef4b736,forwarded <*> to <*>,"['3x6-.11-.SoDA/8RutluhLO6ftP/vQfp/Y2fk6PgfdD-.lx9TD9jGhiHj2Fpg6o*KLSWfRDawUdaYfN-.8Okvwve0TzexUB08*tNHjpn2Dy/GYel4Rj-.TPKSjg*cQXjvZDbpxplHNnxyi/BE0hK0YD-.payroll_2013.xlsx.email-19.kennedy-mendoza.info', '192.168.231.254']",2022/01/24 06:28:20
72,dnsmasq[3468],reply 3x6-.11-.SoDA/8RutluhLO6ftP/vQfp/Y2fk6PgfdD-.lx9TD9jGhiHj2Fpg6o*KLSWfRDawUdaYfN-.8Okvwve0TzexUB08*tNHjpn2Dy/GYel4Rj-.TPKSjg*cQXjvZDbpxplHNnxyi/BE0hK0YD-.payroll_2013.xlsx.email-19.kennedy-mendoza.info is 195.128.194.168,a1c209ec,reply <*> is <*>,"['3x6-.11-.SoDA/8RutluhLO6ftP/vQfp/Y2fk6PgfdD-.lx9TD9jGhiHj2Fpg6o*KLSWfRDawUdaYfN-.8Okvwve0TzexUB08*tNHjpn2Dy/GYel4Rj-.TPKSjg*cQXjvZDbpxplHNnxyi/BE0hK0YD-.payroll_2013.xlsx.email-19.kennedy-mendoza.info', '195.128.194.168']",2022/01/24 06:28:20
73,dnsmasq[3468],query[AAAA] mail from 172.19.130.4,1c20f0f3,query[AAAA] <*> from <*>,"['mail', '172.19.130.4']",2022/01/24 06:28:27
74,dnsmasq[3468],cached mail is NXDOMAIN,2604aa46,cached <*> is <*>,"['mail', 'NXDOMAIN']",2022/01/24 06:28:27
75,dnsmasq[3468],query[A] 3x6-.12-.ZGs000XozJhhX5nUsE0oUMUEnHOdUlnlpg-.UVjveAtQiSuaVXsWaD6QY0qPiHvY8CSlIn-.AQxb4Raj/FujBrXbXUD/U/dXvBryjn9S2r-.99x/nfrv6/452Hg7ONsYODzX8G/O/Y90cO-.payroll_2013.xlsx.email-19.kennedy-mendoza.info from 10.143.0.103,40f8343b,query[A] <*> from <*>,"['3x6-.12-.ZGs000XozJhhX5nUsE0oUMUEnHOdUlnlpg-.UVjveAtQiSuaVXsWaD6QY0qPiHvY8CSlIn-.AQxb4Raj/FujBrXbXUD/U/dXvBryjn9S2r-.99x/nfrv6/452Hg7ONsYODzX8G/O/Y90cO-.payroll_2013.xlsx.email-19.kennedy-mendoza.info', '10.143.0.103']",2022/01/24 06:28:34
76,dnsmasq[3468],forwarded 3x6-.12-.ZGs000XozJhhX5nUsE0oUMUEnHOdUlnlpg-.UVjveAtQiSuaVXsWaD6QY0qPiHvY8CSlIn-.AQxb4Raj/FujBrXbXUD/U/dXvBryjn9S2r-.99x/nfrv6/452Hg7ONsYODzX8G/O/Y90cO-.payroll_2013.xlsx.email-19.kennedy-mendoza.info to 192.168.231.254,bef4b736,forwarded <*> to <*>,"['3x6-.12-.ZGs000XozJhhX5nUsE0oUMUEnHOdUlnlpg-.UVjveAtQiSuaVXsWaD6QY0qPiHvY8CSlIn-.AQxb4Raj/FujBrXbXUD/U/dXvBryjn9S2r-.99x/nfrv6/452Hg7ONsYODzX8G/O/Y90cO-.payroll_2013.xlsx.email-19.kennedy-mendoza.info', '192.168.231.254']",2022/01/24 06:28:34
77,dnsmasq[3468],reply 3x6-.12-.ZGs000XozJhhX5nUsE0oUMUEnHOdUlnlpg-.UVjveAtQiSuaVXsWaD6QY0qPiHvY8CSlIn-.AQxb4Raj/FujBrXbXUD/U/dXvBryjn9S2r-.99x/nfrv6/452Hg7ONsYODzX8G/O/Y90cO-.payroll_2013.xlsx.email-19.kennedy-mendoza.info is 195.128.194.168,a1c209ec,reply <*> is <*>,"['3x6-.12-.ZGs000XozJhhX5nUsE0oUMUEnHOdUlnlpg-.UVjveAtQiSuaVXsWaD6QY0qPiHvY8CSlIn-.AQxb4Raj/FujBrXbXUD/U/dXvBryjn9S2r-.99x/nfrv6/452Hg7ONsYODzX8G/O/Y90cO-.payroll_2013.xlsx.email-19.kennedy-mendoza.info', '195.128.194.168']",2022/01/24 06:28:34
78,dnsmasq[3468],query[A] 3x6-.13-.tv*/2Pf9OxEwgYaOXIWJ7J7yBiqd5re7nF-.rqf7mjgy4q1BdShpTIOyOTeiGz8hvVy746-.gVFaGcm0iQ5HRWr1ZGMPb7nqKE4bfR9iJd-.YEWQFOplzEEVZ0mc3tN*rF6KCUlV*ZsK1f-.payroll_2013.xlsx.email-19.kennedy-mendoza.info from 10.143.0.103,40f8343b,query[A] <*> from <*>,"['3x6-.13-.tv*/2Pf9OxEwgYaOXIWJ7J7yBiqd5re7nF-.rqf7mjgy4q1BdShpTIOyOTeiGz8hvVy746-.gVFaGcm0iQ5HRWr1ZGMPb7nqKE4bfR9iJd-.YEWQFOplzEEVZ0mc3tN*rF6KCUlV*ZsK1f-.payroll_2013.xlsx.email-19.kennedy-mendoza.info', '10.143.0.103']",2022/01/24 06:28:49
79,dnsmasq[3468],forwarded 3x6-.13-.tv*/2Pf9OxEwgYaOXIWJ7J7yBiqd5re7nF-.rqf7mjgy4q1BdShpTIOyOTeiGz8hvVy746-.gVFaGcm0iQ5HRWr1ZGMPb7nqKE4bfR9iJd-.YEWQFOplzEEVZ0mc3tN*rF6KCUlV*ZsK1f-.payroll_2013.xlsx.email-19.kennedy-mendoza.info to 192.168.231.254,bef4b736,forwarded <*> to <*>,"['3x6-.13-.tv*/2Pf9OxEwgYaOXIWJ7J7yBiqd5re7nF-.rqf7mjgy4q1BdShpTIOyOTeiGz8hvVy746-.gVFaGcm0iQ5HRWr1ZGMPb7nqKE4bfR9iJd-.YEWQFOplzEEVZ0mc3tN*rF6KCUlV*ZsK1f-.payroll_2013.xlsx.email-19.kennedy-mendoza.info', '192.168.231.254']",2022/01/24 06:28:49
80,dnsmasq[3468],reply 3x6-.13-.tv*/2Pf9OxEwgYaOXIWJ7J7yBiqd5re7nF-.rqf7mjgy4q1BdShpTIOyOTeiGz8hvVy746-.gVFaGcm0iQ5HRWr1ZGMPb7nqKE4bfR9iJd-.YEWQFOplzEEVZ0mc3tN*rF6KCUlV*ZsK1f-.payroll_2013.xlsx.email-19.kennedy-mendoza.info is 195.128.194.168,a1c209ec,reply <*> is <*>,"['3x6-.13-.tv*/2Pf9OxEwgYaOXIWJ7J7yBiqd5re7nF-.rqf7mjgy4q1BdShpTIOyOTeiGz8hvVy746-.gVFaGcm0iQ5HRWr1ZGMPb7nqKE4bfR9iJd-.YEWQFOplzEEVZ0mc3tN*rF6KCUlV*ZsK1f-.payroll_2013.xlsx.email-19.kennedy-mendoza.info', '195.128.194.168']",2022/01/24 06:28:49
81,dnsmasq[3468],query[A] 3x6-.14-.mPxZSCXUiBW3yM94oEfpaEodlSSnTsBuJh-.Xj9gRVlCSS180pZgHdhPjC8LmJBIXv7b4K-.EAkN2Wt1OpA/9ECBQ9RPzq6Q33kZB183ny-.dbG8j/tJhpptyc9J*1YaBAQKj/RnVEHOxd-.payroll_2013.xlsx.email-19.kennedy-mendoza.info from 10.143.0.103,40f8343b,query[A] <*> from <*>,"['3x6-.14-.mPxZSCXUiBW3yM94oEfpaEodlSSnTsBuJh-.Xj9gRVlCSS180pZgHdhPjC8LmJBIXv7b4K-.EAkN2Wt1OpA/9ECBQ9RPzq6Q33kZB183ny-.dbG8j/tJhpptyc9J*1YaBAQKj/RnVEHOxd-.payroll_2013.xlsx.email-19.kennedy-mendoza.info', '10.143.0.103']",2022/01/24 06:29:06
82,dnsmasq[3468],forwarded 3x6-.14-.mPxZSCXUiBW3yM94oEfpaEodlSSnTsBuJh-.Xj9gRVlCSS180pZgHdhPjC8LmJBIXv7b4K-.EAkN2Wt1OpA/9ECBQ9RPzq6Q33kZB183ny-.dbG8j/tJhpptyc9J*1YaBAQKj/RnVEHOxd-.payroll_2013.xlsx.email-19.kennedy-mendoza.info to 192.168.231.254,bef4b736,forwarded <*> to <*>,"['3x6-.14-.mPxZSCXUiBW3yM94oEfpaEodlSSnTsBuJh-.Xj9gRVlCSS180pZgHdhPjC8LmJBIXv7b4K-.EAkN2Wt1OpA/9ECBQ9RPzq6Q33kZB183ny-.dbG8j/tJhpptyc9J*1YaBAQKj/RnVEHOxd-.payroll_2013.xlsx.email-19.kennedy-mendoza.info', '192.168.231.254']",2022/01/24 06:29:06
83,dnsmasq[3468],reply 3x6-.14-.mPxZSCXUiBW3yM94oEfpaEodlSSnTsBuJh-.Xj9gRVlCSS180pZgHdhPjC8LmJBIXv7b4K-.EAkN2Wt1OpA/9ECBQ9RPzq6Q33kZB183ny-.dbG8j/tJhpptyc9J*1YaBAQKj/RnVEHOxd-.payroll_2013.xlsx.email-19.kennedy-mendoza.info is 195.128.194.168,a1c209ec,reply <*> is <*>,"['3x6-.14-.mPxZSCXUiBW3yM94oEfpaEodlSSnTsBuJh-.Xj9gRVlCSS180pZgHdhPjC8LmJBIXv7b4K-.EAkN2Wt1OpA/9ECBQ9RPzq6Q33kZB183ny-.dbG8j/tJhpptyc9J*1YaBAQKj/RnVEHOxd-.payroll_2013.xlsx.email-19.kennedy-mendoza.info', '195.128.194.168']",2022/01/24 06:29:06
84,dnsmasq[3468],query[A] 3x6-.15-.zexdDVS9HM1c9P6ztyap51*YRxr2yCW5/2-.3cCgdVUIoPEzNbwBtYzxCl9pM0Q3e24SJF-.JZJWWrhw5vvy1T2T2qnpNo0BKWkZXLeaPa-.MJrA9u56tSP3Ol8zaoPjH0jAUMq/2kWc9*-.payroll_2013.xlsx.email-19.kennedy-mendoza.info from 10.143.0.103,40f8343b,query[A] <*> from <*>,"['3x6-.15-.zexdDVS9HM1c9P6ztyap51*YRxr2yCW5/2-.3cCgdVUIoPEzNbwBtYzxCl9pM0Q3e24SJF-.JZJWWrhw5vvy1T2T2qnpNo0BKWkZXLeaPa-.MJrA9u56tSP3Ol8zaoPjH0jAUMq/2kWc9*-.payroll_2013.xlsx.email-19.kennedy-mendoza.info', '10.143.0.103']",2022/01/24 06:29:29
85,dnsmasq[3468],forwarded 3x6-.15-.zexdDVS9HM1c9P6ztyap51*YRxr2yCW5/2-.3cCgdVUIoPEzNbwBtYzxCl9pM0Q3e24SJF-.JZJWWrhw5vvy1T2T2qnpNo0BKWkZXLeaPa-.MJrA9u56tSP3Ol8zaoPjH0jAUMq/2kWc9*-.payroll_2013.xlsx.email-19.kennedy-mendoza.info to 192.168.231.254,bef4b736,forwarded <*> to <*>,"['3x6-.15-.zexdDVS9HM1c9P6ztyap51*YRxr2yCW5/2-.3cCgdVUIoPEzNbwBtYzxCl9pM0Q3e24SJF-.JZJWWrhw5vvy1T2T2qnpNo0BKWkZXLeaPa-.MJrA9u56tSP3Ol8zaoPjH0jAUMq/2kWc9*-.payroll_2013.xlsx.email-19.kennedy-mendoza.info', '192.168.231.254']",2022/01/24 06:29:29
86,dnsmasq[3468],reply 3x6-.15-.zexdDVS9HM1c9P6ztyap51*YRxr2yCW5/2-.3cCgdVUIoPEzNbwBtYzxCl9pM0Q3e24SJF-.JZJWWrhw5vvy1T2T2qnpNo0BKWkZXLeaPa-.MJrA9u56tSP3Ol8zaoPjH0jAUMq/2kWc9*-.payroll_2013.xlsx.email-19.kennedy-mendoza.info is 195.128.194.168,a1c209ec,reply <*> is <*>,"['3x6-.15-.zexdDVS9HM1c9P6ztyap51*YRxr2yCW5/2-.3cCgdVUIoPEzNbwBtYzxCl9pM0Q3e24SJF-.JZJWWrhw5vvy1T2T2qnpNo0BKWkZXLeaPa-.MJrA9u56tSP3Ol8zaoPjH0jAUMq/2kWc9*-.payroll_2013.xlsx.email-19.kennedy-mendoza.info', '195.128.194.168']",2022/01/24 06:29:29
87,dnsmasq[3468],query[A] 3x6-.16-.8koLVomRLUpA4pm5SMyVUSEXG6l8ZQq6b8-.Tug0b9Csef1m7x92gf3Lq9tV0z/oSvw5hZ-.3CZ5MlkYr5M/JLVHMLcXgWc1M/Klqff3Sh-.yViXcmCSoq3nSYn0IHoneEKSsabsY9wLUY-.payroll_2013.xlsx.email-19.kennedy-mendoza.info from 10.143.0.103,40f8343b,query[A] <*> from <*>,"['3x6-.16-.8koLVomRLUpA4pm5SMyVUSEXG6l8ZQq6b8-.Tug0b9Csef1m7x92gf3Lq9tV0z/oSvw5hZ-.3CZ5MlkYr5M/JLVHMLcXgWc1M/Klqff3Sh-.yViXcmCSoq3nSYn0IHoneEKSsabsY9wLUY-.payroll_2013.xlsx.email-19.kennedy-mendoza.info', '10.143.0.103']",2022/01/24 06:29:47
88,dnsmasq[3468],forwarded 3x6-.16-.8koLVomRLUpA4pm5SMyVUSEXG6l8ZQq6b8-.Tug0b9Csef1m7x92gf3Lq9tV0z/oSvw5hZ-.3CZ5MlkYr5M/JLVHMLcXgWc1M/Klqff3Sh-.yViXcmCSoq3nSYn0IHoneEKSsabsY9wLUY-.payroll_2013.xlsx.email-19.kennedy-mendoza.info to 192.168.231.254,bef4b736,forwarded <*> to <*>,"['3x6-.16-.8koLVomRLUpA4pm5SMyVUSEXG6l8ZQq6b8-.Tug0b9Csef1m7x92gf3Lq9tV0z/oSvw5hZ-.3CZ5MlkYr5M/JLVHMLcXgWc1M/Klqff3Sh-.yViXcmCSoq3nSYn0IHoneEKSsabsY9wLUY-.payroll_2013.xlsx.email-19.kennedy-mendoza.info', '192.168.231.254']",2022/01/24 06:29:47
89,dnsmasq[3468],reply 3x6-.16-.8koLVomRLUpA4pm5SMyVUSEXG6l8ZQq6b8-.Tug0b9Csef1m7x92gf3Lq9tV0z/oSvw5hZ-.3CZ5MlkYr5M/JLVHMLcXgWc1M/Klqff3Sh-.yViXcmCSoq3nSYn0IHoneEKSsabsY9wLUY-.payroll_2013.xlsx.email-19.kennedy-mendoza.info is 195.128.194.168,a1c209ec,reply <*> is <*>,"['3x6-.16-.8koLVomRLUpA4pm5SMyVUSEXG6l8ZQq6b8-.Tug0b9Csef1m7x92gf3Lq9tV0z/oSvw5hZ-.3CZ5MlkYr5M/JLVHMLcXgWc1M/Klqff3Sh-.yViXcmCSoq3nSYn0IHoneEKSsabsY9wLUY-.payroll_2013.xlsx.email-19.kennedy-mendoza.info', '195.128.194.168']",2022/01/24 06:29:47
90,dnsmasq[3468],query[A] 3x6-.17-.hbtcDgYZ/OwtH0DhUW5TFIjlI4GC0FUCoS-.cuLDwOMSyje69O3Pd0XCZxsYSKz0PDSEi3-.21P3mylocRXE1OINqmv3E3/*miZ0q6brYz-.yH1T/452*MMdUDLuTbQZ5z5J4O3Y3//4dF-.payroll_2013.xlsx.email-19.kennedy-mendoza.info from 10.143.0.103,40f8343b,query[A] <*> from <*>,"['3x6-.17-.hbtcDgYZ/OwtH0DhUW5TFIjlI4GC0FUCoS-.cuLDwOMSyje69O3Pd0XCZxsYSKz0PDSEi3-.21P3mylocRXE1OINqmv3E3/*miZ0q6brYz-.yH1T/452*MMdUDLuTbQZ5z5J4O3Y3//4dF-.payroll_2013.xlsx.email-19.kennedy-mendoza.info', '10.143.0.103']",2022/01/24 06:30:01
91,dnsmasq[3468],forwarded 3x6-.17-.hbtcDgYZ/OwtH0DhUW5TFIjlI4GC0FUCoS-.cuLDwOMSyje69O3Pd0XCZxsYSKz0PDSEi3-.21P3mylocRXE1OINqmv3E3/*miZ0q6brYz-.yH1T/452*MMdUDLuTbQZ5z5J4O3Y3//4dF-.payroll_2013.xlsx.email-19.kennedy-mendoza.info to 192.168.231.254,bef4b736,forwarded <*> to <*>,"['3x6-.17-.hbtcDgYZ/OwtH0DhUW5TFIjlI4GC0FUCoS-.cuLDwOMSyje69O3Pd0XCZxsYSKz0PDSEi3-.21P3mylocRXE1OINqmv3E3/*miZ0q6brYz-.yH1T/452*MMdUDLuTbQZ5z5J4O3Y3//4dF-.payroll_2013.xlsx.email-19.kennedy-mendoza.info', '192.168.231.254']",2022/01/24 06:30:01
92,dnsmasq[3468],reply 3x6-.17-.hbtcDgYZ/OwtH0DhUW5TFIjlI4GC0FUCoS-.cuLDwOMSyje69O3Pd0XCZxsYSKz0PDSEi3-.21P3mylocRXE1OINqmv3E3/*miZ0q6brYz-.yH1T/452*MMdUDLuTbQZ5z5J4O3Y3//4dF-.payroll_2013.xlsx.email-19.kennedy-mendoza.info is 195.128.194.168,a1c209ec,reply <*> is <*>,"['3x6-.17-.hbtcDgYZ/OwtH0DhUW5TFIjlI4GC0FUCoS-.cuLDwOMSyje69O3Pd0XCZxsYSKz0PDSEi3-.21P3mylocRXE1OINqmv3E3/*miZ0q6brYz-.yH1T/452*MMdUDLuTbQZ5z5J4O3Y3//4dF-.payroll_2013.xlsx.email-19.kennedy-mendoza.info', '195.128.194.168']",2022/01/24 06:30:01
93,dnsmasq[3468],query[A] 3x6-.18-.saYatP3/JMp/uCL*bxb9v/kTGz9j/486wz-.c*v0dfEpgLotTk2onI7Hl6QT1jZYrYncwg-.Vw*S*mZred52TvIEOLJuODNgoyDkEVKjYe-.BK4vwkKSFHBq7d4LNa2htiDCaLfp0XI4Rn-.payroll_2013.xlsx.email-19.kennedy-mendoza.info from 10.143.0.103,40f8343b,query[A] <*> from <*>,"['3x6-.18-.saYatP3/JMp/uCL*bxb9v/kTGz9j/486wz-.c*v0dfEpgLotTk2onI7Hl6QT1jZYrYncwg-.Vw*S*mZred52TvIEOLJuODNgoyDkEVKjYe-.BK4vwkKSFHBq7d4LNa2htiDCaLfp0XI4Rn-.payroll_2013.xlsx.email-19.kennedy-mendoza.info', '10.143.0.103']",2022/01/24 06:30:24
94,dnsmasq[3468],forwarded 3x6-.18-.saYatP3/JMp/uCL*bxb9v/kTGz9j/486wz-.c*v0dfEpgLotTk2onI7Hl6QT1jZYrYncwg-.Vw*S*mZred52TvIEOLJuODNgoyDkEVKjYe-.BK4vwkKSFHBq7d4LNa2htiDCaLfp0XI4Rn-.payroll_2013.xlsx.email-19.kennedy-mendoza.info to 192.168.231.254,bef4b736,forwarded <*> to <*>,"['3x6-.18-.saYatP3/JMp/uCL*bxb9v/kTGz9j/486wz-.c*v0dfEpgLotTk2onI7Hl6QT1jZYrYncwg-.Vw*S*mZred52TvIEOLJuODNgoyDkEVKjYe-.BK4vwkKSFHBq7d4LNa2htiDCaLfp0XI4Rn-.payroll_2013.xlsx.email-19.kennedy-mendoza.info', '192.168.231.254']",2022/01/24 06:30:24
95,dnsmasq[3468],reply 3x6-.18-.saYatP3/JMp/uCL*bxb9v/kTGz9j/486wz-.c*v0dfEpgLotTk2onI7Hl6QT1jZYrYncwg-.Vw*S*mZred52TvIEOLJuODNgoyDkEVKjYe-.BK4vwkKSFHBq7d4LNa2htiDCaLfp0XI4Rn-.payroll_2013.xlsx.email-19.kennedy-mendoza.info is 195.128.194.168,a1c209ec,reply <*> is <*>,"['3x6-.18-.saYatP3/JMp/uCL*bxb9v/kTGz9j/486wz-.c*v0dfEpgLotTk2onI7Hl6QT1jZYrYncwg-.Vw*S*mZred52TvIEOLJuODNgoyDkEVKjYe-.BK4vwkKSFHBq7d4LNa2htiDCaLfp0XI4Rn-.payroll_2013.xlsx.email-19.kennedy-mendoza.info', '195.128.194.168']",2022/01/24 06:30:24
96,dnsmasq[3468],query[A] 3x6-.19-.n6xrX0H8LofN/ZUiNYPClKYsr25B/MiNdM-.S51lrp3YosEgxZkPrD2HYjIqFzPZ2g7C8Y-.SjE5VIVgpP7q8vxr2KT0SKLZefagGKzF7v-.rliSMzNAEPDTu43eO5uxNO/FwRZe1jaSbO-.payroll_2013.xlsx.email-19.kennedy-mendoza.info from 10.143.0.103,40f8343b,query[A] <*> from <*>,"['3x6-.19-.n6xrX0H8LofN/ZUiNYPClKYsr25B/MiNdM-.S51lrp3YosEgxZkPrD2HYjIqFzPZ2g7C8Y-.SjE5VIVgpP7q8vxr2KT0SKLZefagGKzF7v-.rliSMzNAEPDTu43eO5uxNO/FwRZe1jaSbO-.payroll_2013.xlsx.email-19.kennedy-mendoza.info', '10.143.0.103']",2022/01/24 06:30:44
97,dnsmasq[3468],forwarded 3x6-.19-.n6xrX0H8LofN/ZUiNYPClKYsr25B/MiNdM-.S51lrp3YosEgxZkPrD2HYjIqFzPZ2g7C8Y-.SjE5VIVgpP7q8vxr2KT0SKLZefagGKzF7v-.rliSMzNAEPDTu43eO5uxNO/FwRZe1jaSbO-.payroll_2013.xlsx.email-19.kennedy-mendoza.info to 192.168.231.254,bef4b736,forwarded <*> to <*>,"['3x6-.19-.n6xrX0H8LofN/ZUiNYPClKYsr25B/MiNdM-.S51lrp3YosEgxZkPrD2HYjIqFzPZ2g7C8Y-.SjE5VIVgpP7q8vxr2KT0SKLZefagGKzF7v-.rliSMzNAEPDTu43eO5uxNO/FwRZe1jaSbO-.payroll_2013.xlsx.email-19.kennedy-mendoza.info', '192.168.231.254']",2022/01/24 06:30:44
98,dnsmasq[3468],reply 3x6-.19-.n6xrX0H8LofN/ZUiNYPClKYsr25B/MiNdM-.S51lrp3YosEgxZkPrD2HYjIqFzPZ2g7C8Y-.SjE5VIVgpP7q8vxr2KT0SKLZefagGKzF7v-.rliSMzNAEPDTu43eO5uxNO/FwRZe1jaSbO-.payroll_2013.xlsx.email-19.kennedy-mendoza.info is 195.128.194.168,a1c209ec,reply <*> is <*>,"['3x6-.19-.n6xrX0H8LofN/ZUiNYPClKYsr25B/MiNdM-.S51lrp3YosEgxZkPrD2HYjIqFzPZ2g7C8Y-.SjE5VIVgpP7q8vxr2KT0SKLZefagGKzF7v-.rliSMzNAEPDTu43eO5uxNO/FwRZe1jaSbO-.payroll_2013.xlsx.email-19.kennedy-mendoza.info', '195.128.194.168']",2022/01/24 06:30:44
99,dnsmasq[3468],query[A] 3x6-.20-.j36NEuDXDvw/zV2nCrF2*SdF/3tI/x9zXS-.zNzFxd/o///C*B6f/2HrUYGQQQYiTwl9zg-.x22r7DAmiPQtvN4YSKJVEKfXUIrhgwnltB-.SNusV7KYCnyoFmQ/gCmZCi*xFy44rjzvIB-.payroll_2013.xlsx.email-19.kennedy-mendoza.info from 10.143.0.103,40f8343b,query[A] <*> from <*>,"['3x6-.20-.j36NEuDXDvw/zV2nCrF2*SdF/3tI/x9zXS-.zNzFxd/o///C*B6f/2HrUYGQQQYiTwl9zg-.x22r7DAmiPQtvN4YSKJVEKfXUIrhgwnltB-.SNusV7KYCnyoFmQ/gCmZCi*xFy44rjzvIB-.payroll_2013.xlsx.email-19.kennedy-mendoza.info', '10.143.0.103']",2022/01/24 06:30:57
100,dnsmasq[3468],forwarded 3x6-.20-.j36NEuDXDvw/zV2nCrF2*SdF/3tI/x9zXS-.zNzFxd/o///C*B6f/2HrUYGQQQYiTwl9zg-.x22r7DAmiPQtvN4YSKJVEKfXUIrhgwnltB-.SNusV7KYCnyoFmQ/gCmZCi*xFy44rjzvIB-.payroll_2013.xlsx.email-19.kennedy-mendoza.info to 192.168.231.254,bef4b736,forwarded <*> to <*>,"['3x6-.20-.j36NEuDXDvw/zV2nCrF2*SdF/3tI/x9zXS-.zNzFxd/o///C*B6f/2HrUYGQQQYiTwl9zg-.x22r7DAmiPQtvN4YSKJVEKfXUIrhgwnltB-.SNusV7KYCnyoFmQ/gCmZCi*xFy44rjzvIB-.payroll_2013.xlsx.email-19.kennedy-mendoza.info', '192.168.231.254']",2022/01/24 06:30:57
101,dnsmasq[3468],reply 3x6-.20-.j36NEuDXDvw/zV2nCrF2*SdF/3tI/x9zXS-.zNzFxd/o///C*B6f/2HrUYGQQQYiTwl9zg-.x22r7DAmiPQtvN4YSKJVEKfXUIrhgwnltB-.SNusV7KYCnyoFmQ/gCmZCi*xFy44rjzvIB-.payroll_2013.xlsx.email-19.kennedy-mendoza.info is 195.128.194.168,a1c209ec,reply <*> is <*>,"['3x6-.20-.j36NEuDXDvw/zV2nCrF2*SdF/3tI/x9zXS-.zNzFxd/o///C*B6f/2HrUYGQQQYiTwl9zg-.x22r7DAmiPQtvN4YSKJVEKfXUIrhgwnltB-.SNusV7KYCnyoFmQ/gCmZCi*xFy44rjzvIB-.payroll_2013.xlsx.email-19.kennedy-mendoza.info', '195.128.194.168']",2022/01/24 06:30:57
102,dnsmasq[3468],query[A] 3x6-.21-.OEaRfdMGPxxCfQNW2iSO8M3T71F6xQbeFG-.kv2pn5xCvQrBHrrQnvfq1xlpYdCKywACWX-.1/8P7bUq3aSR3IGB0iqhgLD*fzr/P9pWd1-.2474823HxQM3nH1wvUV6Vw6C3nuthfY*Fu-.payroll_2013.xlsx.email-19.kennedy-mendoza.info from 10.143.0.103,40f8343b,query[A] <*> from <*>,"['3x6-.21-.OEaRfdMGPxxCfQNW2iSO8M3T71F6xQbeFG-.kv2pn5xCvQrBHrrQnvfq1xlpYdCKywACWX-.1/8P7bUq3aSR3IGB0iqhgLD*fzr/P9pWd1-.2474823HxQM3nH1wvUV6Vw6C3nuthfY*Fu-.payroll_2013.xlsx.email-19.kennedy-mendoza.info', '10.143.0.103']",2022/01/24 06:31:20
103,dnsmasq[3468],forwarded 3x6-.21-.OEaRfdMGPxxCfQNW2iSO8M3T71F6xQbeFG-.kv2pn5xCvQrBHrrQnvfq1xlpYdCKywACWX-.1/8P7bUq3aSR3IGB0iqhgLD*fzr/P9pWd1-.2474823HxQM3nH1wvUV6Vw6C3nuthfY*Fu-.payroll_2013.xlsx.email-19.kennedy-mendoza.info to 192.168.231.254,bef4b736,forwarded <*> to <*>,"['3x6-.21-.OEaRfdMGPxxCfQNW2iSO8M3T71F6xQbeFG-.kv2pn5xCvQrBHrrQnvfq1xlpYdCKywACWX-.1/8P7bUq3aSR3IGB0iqhgLD*fzr/P9pWd1-.2474823HxQM3nH1wvUV6Vw6C3nuthfY*Fu-.payroll_2013.xlsx.email-19.kennedy-mendoza.info', '192.168.231.254']",2022/01/24 06:31:20
104,dnsmasq[3468],reply 3x6-.21-.OEaRfdMGPxxCfQNW2iSO8M3T71F6xQbeFG-.kv2pn5xCvQrBHrrQnvfq1xlpYdCKywACWX-.1/8P7bUq3aSR3IGB0iqhgLD*fzr/P9pWd1-.2474823HxQM3nH1wvUV6Vw6C3nuthfY*Fu-.payroll_2013.xlsx.email-19.kennedy-mendoza.info is 195.128.194.168,a1c209ec,reply <*> is <*>,"['3x6-.21-.OEaRfdMGPxxCfQNW2iSO8M3T71F6xQbeFG-.kv2pn5xCvQrBHrrQnvfq1xlpYdCKywACWX-.1/8P7bUq3aSR3IGB0iqhgLD*fzr/P9pWd1-.2474823HxQM3nH1wvUV6Vw6C3nuthfY*Fu-.payroll_2013.xlsx.email-19.kennedy-mendoza.info', '195.128.194.168']",2022/01/24 06:31:20
105,dnsmasq[3468],query[A] 3x6-.22-.YN0*TWCDmCpqEbUCAfQIXx6yy7gVnJnB6S-.eUzSHc69iWT7X0pgSAuLKx7yZGIwO*8no0-.oDtF1yjkV36*Qz4dvwMt*WRO7rzvbgRqKb-.d*jn7uAr4f6lZYfdZpiyxh748upnp*NO1b-.payroll_2013.xlsx.email-19.kennedy-mendoza.info from 10.143.0.103,40f8343b,query[A] <*> from <*>,"['3x6-.22-.YN0*TWCDmCpqEbUCAfQIXx6yy7gVnJnB6S-.eUzSHc69iWT7X0pgSAuLKx7yZGIwO*8no0-.oDtF1yjkV36*Qz4dvwMt*WRO7rzvbgRqKb-.d*jn7uAr4f6lZYfdZpiyxh748upnp*NO1b-.payroll_2013.xlsx.email-19.kennedy-mendoza.info', '10.143.0.103']",2022/01/24 06:31:42
106,dnsmasq[3468],forwarded 3x6-.22-.YN0*TWCDmCpqEbUCAfQIXx6yy7gVnJnB6S-.eUzSHc69iWT7X0pgSAuLKx7yZGIwO*8no0-.oDtF1yjkV36*Qz4dvwMt*WRO7rzvbgRqKb-.d*jn7uAr4f6lZYfdZpiyxh748upnp*NO1b-.payroll_2013.xlsx.email-19.kennedy-mendoza.info to 192.168.231.254,bef4b736,forwarded <*> to <*>,"['3x6-.22-.YN0*TWCDmCpqEbUCAfQIXx6yy7gVnJnB6S-.eUzSHc69iWT7X0pgSAuLKx7yZGIwO*8no0-.oDtF1yjkV36*Qz4dvwMt*WRO7rzvbgRqKb-.d*jn7uAr4f6lZYfdZpiyxh748upnp*NO1b-.payroll_2013.xlsx.email-19.kennedy-mendoza.info', '192.168.231.254']",2022/01/24 06:31:42
107,dnsmasq[3468],reply 3x6-.22-.YN0*TWCDmCpqEbUCAfQIXx6yy7gVnJnB6S-.eUzSHc69iWT7X0pgSAuLKx7yZGIwO*8no0-.oDtF1yjkV36*Qz4dvwMt*WRO7rzvbgRqKb-.d*jn7uAr4f6lZYfdZpiyxh748upnp*NO1b-.payroll_2013.xlsx.email-19.kennedy-mendoza.info is 195.128.194.168,a1c209ec,reply <*> is <*>,"['3x6-.22-.YN0*TWCDmCpqEbUCAfQIXx6yy7gVnJnB6S-.eUzSHc69iWT7X0pgSAuLKx7yZGIwO*8no0-.oDtF1yjkV36*Qz4dvwMt*WRO7rzvbgRqKb-.d*jn7uAr4f6lZYfdZpiyxh748upnp*NO1b-.payroll_2013.xlsx.email-19.kennedy-mendoza.info', '195.128.194.168']",2022/01/24 06:31:42
108,dnsmasq[3468],query[A] 3x6-.23-.Z36eTvKy1pi1w7IIz1yaUn*OmKbU99S/bV-.peXR6yxfZ4MWsSBSoO2gJq*z2/Rrb7A8xG-.ViUJCQ*0FuUtAGpN29expkoo9kcRW7QHJ3-.L2Vz3sM3u07y*E9/AcSs8oX3d5AUcOPJO7-.payroll_2013.xlsx.email-19.kennedy-mendoza.info from 10.143.0.103,40f8343b,query[A] <*> from <*>,"['3x6-.23-.Z36eTvKy1pi1w7IIz1yaUn*OmKbU99S/bV-.peXR6yxfZ4MWsSBSoO2gJq*z2/Rrb7A8xG-.ViUJCQ*0FuUtAGpN29expkoo9kcRW7QHJ3-.L2Vz3sM3u07y*E9/AcSs8oX3d5AUcOPJO7-.payroll_2013.xlsx.email-19.kennedy-mendoza.info', '10.143.0.103']",2022/01/24 06:31:58
109,dnsmasq[3468],forwarded 3x6-.23-.Z36eTvKy1pi1w7IIz1yaUn*OmKbU99S/bV-.peXR6yxfZ4MWsSBSoO2gJq*z2/Rrb7A8xG-.ViUJCQ*0FuUtAGpN29expkoo9kcRW7QHJ3-.L2Vz3sM3u07y*E9/AcSs8oX3d5AUcOPJO7-.payroll_2013.xlsx.email-19.kennedy-mendoza.info to 192.168.231.254,bef4b736,forwarded <*> to <*>,"['3x6-.23-.Z36eTvKy1pi1w7IIz1yaUn*OmKbU99S/bV-.peXR6yxfZ4MWsSBSoO2gJq*z2/Rrb7A8xG-.ViUJCQ*0FuUtAGpN29expkoo9kcRW7QHJ3-.L2Vz3sM3u07y*E9/AcSs8oX3d5AUcOPJO7-.payroll_2013.xlsx.email-19.kennedy-mendoza.info', '192.168.231.254']",2022/01/24 06:31:58
110,dnsmasq[3468],reply 3x6-.23-.Z36eTvKy1pi1w7IIz1yaUn*OmKbU99S/bV-.peXR6yxfZ4MWsSBSoO2gJq*z2/Rrb7A8xG-.ViUJCQ*0FuUtAGpN29expkoo9kcRW7QHJ3-.L2Vz3sM3u07y*E9/AcSs8oX3d5AUcOPJO7-.payroll_2013.xlsx.email-19.kennedy-mendoza.info is 195.128.194.168,a1c209ec,reply <*> is <*>,"['3x6-.23-.Z36eTvKy1pi1w7IIz1yaUn*OmKbU99S/bV-.peXR6yxfZ4MWsSBSoO2gJq*z2/Rrb7A8xG-.ViUJCQ*0FuUtAGpN29expkoo9kcRW7QHJ3-.L2Vz3sM3u07y*E9/AcSs8oX3d5AUcOPJO7-.payroll_2013.xlsx.email-19.kennedy-mendoza.info', '195.128.194.168']",2022/01/24 06:31:58
111,dnsmasq[3468],query[A] 3x6-.24-.Aj/eCJhznOv6AhMBPjGtSa5UP/s7AbzhYx-.TvoN*fMz3fvJ3PAj*ZI/d6iy6BtN6fL4Tw-.9wZfvS8lzQIBP2khR1mc3lto33B1d9653Q-.iNrrhTLW9JvJ197NlxRaLfZqw/Xx5ZZu/e-.payroll_2013.xlsx.email-19.kennedy-mendoza.info from 10.143.0.103,40f8343b,query[A] <*> from <*>,"['3x6-.24-.Aj/eCJhznOv6AhMBPjGtSa5UP/s7AbzhYx-.TvoN*fMz3fvJ3PAj*ZI/d6iy6BtN6fL4Tw-.9wZfvS8lzQIBP2khR1mc3lto33B1d9653Q-.iNrrhTLW9JvJ197NlxRaLfZqw/Xx5ZZu/e-.payroll_2013.xlsx.email-19.kennedy-mendoza.info', '10.143.0.103']",2022/01/24 06:32:19
112,dnsmasq[3468],forwarded 3x6-.24-.Aj/eCJhznOv6AhMBPjGtSa5UP/s7AbzhYx-.TvoN*fMz3fvJ3PAj*ZI/d6iy6BtN6fL4Tw-.9wZfvS8lzQIBP2khR1mc3lto33B1d9653Q-.iNrrhTLW9JvJ197NlxRaLfZqw/Xx5ZZu/e-.payroll_2013.xlsx.email-19.kennedy-mendoza.info to 192.168.231.254,bef4b736,forwarded <*> to <*>,"['3x6-.24-.Aj/eCJhznOv6AhMBPjGtSa5UP/s7AbzhYx-.TvoN*fMz3fvJ3PAj*ZI/d6iy6BtN6fL4Tw-.9wZfvS8lzQIBP2khR1mc3lto33B1d9653Q-.iNrrhTLW9JvJ197NlxRaLfZqw/Xx5ZZu/e-.payroll_2013.xlsx.email-19.kennedy-mendoza.info', '192.168.231.254']",2022/01/24 06:32:19
113,dnsmasq[3468],reply 3x6-.24-.Aj/eCJhznOv6AhMBPjGtSa5UP/s7AbzhYx-.TvoN*fMz3fvJ3PAj*ZI/d6iy6BtN6fL4Tw-.9wZfvS8lzQIBP2khR1mc3lto33B1d9653Q-.iNrrhTLW9JvJ197NlxRaLfZqw/Xx5ZZu/e-.payroll_2013.xlsx.email-19.kennedy-mendoza.info is 195.128.194.168,a1c209ec,reply <*> is <*>,"['3x6-.24-.Aj/eCJhznOv6AhMBPjGtSa5UP/s7AbzhYx-.TvoN*fMz3fvJ3PAj*ZI/d6iy6BtN6fL4Tw-.9wZfvS8lzQIBP2khR1mc3lto33B1d9653Q-.iNrrhTLW9JvJ197NlxRaLfZqw/Xx5ZZu/e-.payroll_2013.xlsx.email-19.kennedy-mendoza.info', '195.128.194.168']",2022/01/24 06:32:19
114,dnsmasq[3468],query[A] 3x6-.25-.gJjWOc*fdtgAv/YNijtunJ6aUquGt8e8jv-.v2y8TbA4ZGz/rkHQskPnuBrlviceW3SrsW-.ns8hyzTRtbIeSQMdK2eSAN77E/1PxC7aXM-.TDj5/vCa9HrOvEmnefCskAnbeU0qo7WtnD-.payroll_2013.xlsx.email-19.kennedy-mendoza.info from 10.143.0.103,40f8343b,query[A] <*> from <*>,"['3x6-.25-.gJjWOc*fdtgAv/YNijtunJ6aUquGt8e8jv-.v2y8TbA4ZGz/rkHQskPnuBrlviceW3SrsW-.ns8hyzTRtbIeSQMdK2eSAN77E/1PxC7aXM-.TDj5/vCa9HrOvEmnefCskAnbeU0qo7WtnD-.payroll_2013.xlsx.email-19.kennedy-mendoza.info', '10.143.0.103']",2022/01/24 06:32:42
115,dnsmasq[3468],forwarded 3x6-.25-.gJjWOc*fdtgAv/YNijtunJ6aUquGt8e8jv-.v2y8TbA4ZGz/rkHQskPnuBrlviceW3SrsW-.ns8hyzTRtbIeSQMdK2eSAN77E/1PxC7aXM-.TDj5/vCa9HrOvEmnefCskAnbeU0qo7WtnD-.payroll_2013.xlsx.email-19.kennedy-mendoza.info to 192.168.231.254,bef4b736,forwarded <*> to <*>,"['3x6-.25-.gJjWOc*fdtgAv/YNijtunJ6aUquGt8e8jv-.v2y8TbA4ZGz/rkHQskPnuBrlviceW3SrsW-.ns8hyzTRtbIeSQMdK2eSAN77E/1PxC7aXM-.TDj5/vCa9HrOvEmnefCskAnbeU0qo7WtnD-.payroll_2013.xlsx.email-19.kennedy-mendoza.info', '192.168.231.254']",2022/01/24 06:32:42
116,dnsmasq[3468],reply 3x6-.25-.gJjWOc*fdtgAv/YNijtunJ6aUquGt8e8jv-.v2y8TbA4ZGz/rkHQskPnuBrlviceW3SrsW-.ns8hyzTRtbIeSQMdK2eSAN77E/1PxC7aXM-.TDj5/vCa9HrOvEmnefCskAnbeU0qo7WtnD-.payroll_2013.xlsx.email-19.kennedy-mendoza.info is 195.128.194.168,a1c209ec,reply <*> is <*>,"['3x6-.25-.gJjWOc*fdtgAv/YNijtunJ6aUquGt8e8jv-.v2y8TbA4ZGz/rkHQskPnuBrlviceW3SrsW-.ns8hyzTRtbIeSQMdK2eSAN77E/1PxC7aXM-.TDj5/vCa9HrOvEmnefCskAnbeU0qo7WtnD-.payroll_2013.xlsx.email-19.kennedy-mendoza.info', '195.128.194.168']",2022/01/24 06:32:42
117,dnsmasq[3468],query[A] 3x6-.26-.Mso4V*wjwgVWP2XEIoaeChXPMU2*EqHX1O-.t7i6c3gcq88LMePSoFyfsenx*mCkz0n89v-.kdNjedKAwQVH1DEFb9yZ1omAn72fb4h7mj-.zR86AxxMsTgZcM3943ASN0mpkfUPW9nbcf-.payroll_2013.xlsx.email-19.kennedy-mendoza.info from 10.143.0.103,40f8343b,query[A] <*> from <*>,"['3x6-.26-.Mso4V*wjwgVWP2XEIoaeChXPMU2*EqHX1O-.t7i6c3gcq88LMePSoFyfsenx*mCkz0n89v-.kdNjedKAwQVH1DEFb9yZ1omAn72fb4h7mj-.zR86AxxMsTgZcM3943ASN0mpkfUPW9nbcf-.payroll_2013.xlsx.email-19.kennedy-mendoza.info', '10.143.0.103']",2022/01/24 06:33:04
118,dnsmasq[3468],forwarded 3x6-.26-.Mso4V*wjwgVWP2XEIoaeChXPMU2*EqHX1O-.t7i6c3gcq88LMePSoFyfsenx*mCkz0n89v-.kdNjedKAwQVH1DEFb9yZ1omAn72fb4h7mj-.zR86AxxMsTgZcM3943ASN0mpkfUPW9nbcf-.payroll_2013.xlsx.email-19.kennedy-mendoza.info to 192.168.231.254,bef4b736,forwarded <*> to <*>,"['3x6-.26-.Mso4V*wjwgVWP2XEIoaeChXPMU2*EqHX1O-.t7i6c3gcq88LMePSoFyfsenx*mCkz0n89v-.kdNjedKAwQVH1DEFb9yZ1omAn72fb4h7mj-.zR86AxxMsTgZcM3943ASN0mpkfUPW9nbcf-.payroll_2013.xlsx.email-19.kennedy-mendoza.info', '192.168.231.254']",2022/01/24 06:33:04
119,dnsmasq[3468],reply 3x6-.26-.Mso4V*wjwgVWP2XEIoaeChXPMU2*EqHX1O-.t7i6c3gcq88LMePSoFyfsenx*mCkz0n89v-.kdNjedKAwQVH1DEFb9yZ1omAn72fb4h7mj-.zR86AxxMsTgZcM3943ASN0mpkfUPW9nbcf-.payroll_2013.xlsx.email-19.kennedy-mendoza.info is 195.128.194.168,a1c209ec,reply <*> is <*>,"['3x6-.26-.Mso4V*wjwgVWP2XEIoaeChXPMU2*EqHX1O-.t7i6c3gcq88LMePSoFyfsenx*mCkz0n89v-.kdNjedKAwQVH1DEFb9yZ1omAn72fb4h7mj-.zR86AxxMsTgZcM3943ASN0mpkfUPW9nbcf-.payroll_2013.xlsx.email-19.kennedy-mendoza.info', '195.128.194.168']",2022/01/24 06:33:04
120,dnsmasq[3468],query[TXT] current.cvd.clamav.net from 172.19.130.4,614e0e47,query[TXT] current.cvd.clamav.net from <*>,['172.19.130.4'],2022/01/24 06:33:09
121,dnsmasq[3468],forwarded current.cvd.clamav.net to 192.168.231.254,bef4b736,forwarded <*> to <*>,"['current.cvd.clamav.net', '192.168.231.254']",2022/01/24 06:33:09
122,dnsmasq[3468],reply current.cvd.clamav.net is 0.103.5:62:26431:1642998540:1:90:49192:333,a1c209ec,reply <*> is <*>,"['current.cvd.clamav.net', '0.103.5:62:26431:1642998540:1:90:49192:333']",2022/01/24 06:33:09
123,dnsmasq[3468],query[A] db.local.clamav.net from 172.19.130.4,40f8343b,query[A] <*> from <*>,"['db.local.clamav.net', '172.19.130.4']",2022/01/24 06:33:09
124,dnsmasq[3468],forwarded db.local.clamav.net to 192.168.231.254,bef4b736,forwarded <*> to <*>,"['db.local.clamav.net', '192.168.231.254']",2022/01/24 06:33:09
125,dnsmasq[3468],query[AAAA] db.local.clamav.net from 172.19.130.4,1c20f0f3,query[AAAA] <*> from <*>,"['db.local.clamav.net', '172.19.130.4']",2022/01/24 06:33:09
126,dnsmasq[3468],forwarded db.local.clamav.net to 192.168.231.254,bef4b736,forwarded <*> to <*>,"['db.local.clamav.net', '192.168.231.254']",2022/01/24 06:33:09
127,dnsmasq[3468],reply db.local.clamav.net is <CNAME>,a1c209ec,reply <*> is <*>,"['db.local.clamav.net', '<CNAME>']",2022/01/24 06:33:09
128,dnsmasq[3468],reply db.local.clamav.net.cdn.cloudflare.net is 104.16.218.84,a1c209ec,reply <*> is <*>,"['db.local.clamav.net.cdn.cloudflare.net', '104.16.218.84']",2022/01/24 06:33:09
129,dnsmasq[3468],reply db.local.clamav.net.cdn.cloudflare.net is 104.16.219.84,a1c209ec,reply <*> is <*>,"['db.local.clamav.net.cdn.cloudflare.net', '104.16.219.84']",2022/01/24 06:33:09
130,dnsmasq[3468],reply db.local.clamav.net is <CNAME>,a1c209ec,reply <*> is <*>,"['db.local.clamav.net', '<CNAME>']",2022/01/24 06:33:09
131,dnsmasq[3468],reply db.local.clamav.net.cdn.cloudflare.net is 2606:4700::6810:da54,a1c209ec,reply <*> is <*>,"['db.local.clamav.net.cdn.cloudflare.net', '2606:4700::6810:da54']",2022/01/24 06:33:09
132,dnsmasq[3468],reply db.local.clamav.net.cdn.cloudflare.net is 2606:4700::6810:db54,a1c209ec,reply <*> is <*>,"['db.local.clamav.net.cdn.cloudflare.net', '2606:4700::6810:db54']",2022/01/24 06:33:09
133,dnsmasq[3468],query[A] main.0.93.0.0.6810DA54.ping.clamav.net from 172.19.130.4,40f8343b,query[A] <*> from <*>,"['main.0.93.0.0.6810DA54.ping.clamav.net', '172.19.130.4']",2022/01/24 06:33:09
134,dnsmasq[3468],forwarded main.0.93.0.0.6810DA54.ping.clamav.net to 192.168.231.254,bef4b736,forwarded <*> to <*>,"['main.0.93.0.0.6810DA54.ping.clamav.net', '192.168.231.254']",2022/01/24 06:33:09
135,dnsmasq[3468],reply main.0.93.0.0.6810DA54.ping.clamav.net is 12.167.151.33,a1c209ec,reply <*> is <*>,"['main.0.93.0.0.6810DA54.ping.clamav.net', '12.167.151.33']",2022/01/24 06:33:09
136,dnsmasq[3468],query[TXT] current.cvd.clamav.net from 172.19.130.4,614e0e47,query[TXT] current.cvd.clamav.net from <*>,['172.19.130.4'],2022/01/24 06:33:14
137,dnsmasq[3468],forwarded current.cvd.clamav.net to 192.168.231.254,bef4b736,forwarded <*> to <*>,"['current.cvd.clamav.net', '192.168.231.254']",2022/01/24 06:33:14
138,dnsmasq[3468],reply current.cvd.clamav.net is 0.103.5:62:26431:1642998540:1:90:49192:333,a1c209ec,reply <*> is <*>,"['current.cvd.clamav.net', '0.103.5:62:26431:1642998540:1:90:49192:333']",2022/01/24 06:33:14
139,dnsmasq[3468],query[A] db.local.clamav.net from 172.19.130.4,40f8343b,query[A] <*> from <*>,"['db.local.clamav.net', '172.19.130.4']",2022/01/24 06:33:14
140,dnsmasq[3468],cached db.local.clamav.net is <CNAME>,2604aa46,cached <*> is <*>,"['db.local.clamav.net', '<CNAME>']",2022/01/24 06:33:14
141,dnsmasq[3468],cached db.local.clamav.net.cdn.cloudflare.net is 104.16.219.84,2604aa46,cached <*> is <*>,"['db.local.clamav.net.cdn.cloudflare.net', '104.16.219.84']",2022/01/24 06:33:14
142,dnsmasq[3468],cached db.local.clamav.net.cdn.cloudflare.net is 104.16.218.84,2604aa46,cached <*> is <*>,"['db.local.clamav.net.cdn.cloudflare.net', '104.16.218.84']",2022/01/24 06:33:14
143,dnsmasq[3468],query[AAAA] db.local.clamav.net from 172.19.130.4,1c20f0f3,query[AAAA] <*> from <*>,"['db.local.clamav.net', '172.19.130.4']",2022/01/24 06:33:14
144,dnsmasq[3468],cached db.local.clamav.net is <CNAME>,2604aa46,cached <*> is <*>,"['db.local.clamav.net', '<CNAME>']",2022/01/24 06:33:14
145,dnsmasq[3468],cached db.local.clamav.net.cdn.cloudflare.net is 2606:4700::6810:db54,2604aa46,cached <*> is <*>,"['db.local.clamav.net.cdn.cloudflare.net', '2606:4700::6810:db54']",2022/01/24 06:33:14
146,dnsmasq[3468],cached db.local.clamav.net.cdn.cloudflare.net is 2606:4700::6810:da54,2604aa46,cached <*> is <*>,"['db.local.clamav.net.cdn.cloudflare.net', '2606:4700::6810:da54']",2022/01/24 06:33:14
147,dnsmasq[3468],query[A] main.0.93.0.0.6810DB54.ping.clamav.net from 172.19.130.4,40f8343b,query[A] <*> from <*>,"['main.0.93.0.0.6810DB54.ping.clamav.net', '172.19.130.4']",2022/01/24 06:33:14
148,dnsmasq[3468],forwarded main.0.93.0.0.6810DB54.ping.clamav.net to 192.168.231.254,bef4b736,forwarded <*> to <*>,"['main.0.93.0.0.6810DB54.ping.clamav.net', '192.168.231.254']",2022/01/24 06:33:14
149,dnsmasq[3468],reply main.0.93.0.0.6810DB54.ping.clamav.net is 12.167.151.33,a1c209ec,reply <*> is <*>,"['main.0.93.0.0.6810DB54.ping.clamav.net', '12.167.151.33']",2022/01/24 06:33:15
150,dnsmasq[3468],query[A] e6030.a.akamaiedge.net from 10.143.1.78,40f8343b,query[A] <*> from <*>,"['e6030.a.akamaiedge.net', '10.143.1.78']",2022/01/24 06:33:18
151,dnsmasq[3468],forwarded e6030.a.akamaiedge.net to 192.168.231.254,bef4b736,forwarded <*> to <*>,"['e6030.a.akamaiedge.net', '192.168.231.254']",2022/01/24 06:33:18
152,dnsmasq[3468],query[AAAA] e6030.a.akamaiedge.net from 10.143.1.78,1c20f0f3,query[AAAA] <*> from <*>,"['e6030.a.akamaiedge.net', '10.143.1.78']",2022/01/24 06:33:18
153,dnsmasq[3468],cached e6030.a.akamaiedge.net is NODATA-IPv6,2604aa46,cached <*> is <*>,"['e6030.a.akamaiedge.net', 'NODATA-IPv6']",2022/01/24 06:33:18
154,dnsmasq[3468],reply e6030.a.akamaiedge.net is 23.47.212.196,a1c209ec,reply <*> is <*>,"['e6030.a.akamaiedge.net', '23.47.212.196']",2022/01/24 06:33:18
155,dnsmasq[3468],query[A] e6030.d.akamaiedge.net from 10.143.1.78,40f8343b,query[A] <*> from <*>,"['e6030.d.akamaiedge.net', '10.143.1.78']",2022/01/24 06:33:18
156,dnsmasq[3468],forwarded e6030.d.akamaiedge.net to 192.168.231.254,bef4b736,forwarded <*> to <*>,"['e6030.d.akamaiedge.net', '192.168.231.254']",2022/01/24 06:33:18
157,dnsmasq[3468],query[A] e6410.d.akamaiedge.net from 10.143.1.78,40f8343b,query[A] <*> from <*>,"['e6410.d.akamaiedge.net', '10.143.1.78']",2022/01/24 06:33:18
158,dnsmasq[3468],forwarded e6410.d.akamaiedge.net to 192.168.231.254,bef4b736,forwarded <*> to <*>,"['e6410.d.akamaiedge.net', '192.168.231.254']",2022/01/24 06:33:18
159,dnsmasq[3468],reply e6030.d.akamaiedge.net is 23.47.212.196,a1c209ec,reply <*> is <*>,"['e6030.d.akamaiedge.net', '23.47.212.196']",2022/01/24 06:33:18
160,dnsmasq[3468],query[A] static-whale.pstatic.net.static.gscdn.net from 10.143.1.78,40f8343b,query[A] <*> from <*>,"['static-whale.pstatic.net.static.gscdn.net', '10.143.1.78']",2022/01/24 06:33:18
161,dnsmasq[3468],forwarded static-whale.pstatic.net.static.gscdn.net to 192.168.231.254,bef4b736,forwarded <*> to <*>,"['static-whale.pstatic.net.static.gscdn.net', '192.168.231.254']",2022/01/24 06:33:18
162,dnsmasq[3468],query[AAAA] static-whale.pstatic.net.static.gscdn.net from 10.143.1.78,1c20f0f3,query[AAAA] <*> from <*>,"['static-whale.pstatic.net.static.gscdn.net', '10.143.1.78']",2022/01/24 06:33:18
163,dnsmasq[3468],forwarded static-whale.pstatic.net.static.gscdn.net to 192.168.231.254,bef4b736,forwarded <*> to <*>,"['static-whale.pstatic.net.static.gscdn.net', '192.168.231.254']",2022/01/24 06:33:18
164,dnsmasq[3468],reply e6410.d.akamaiedge.net is 23.47.212.207,a1c209ec,reply <*> is <*>,"['e6410.d.akamaiedge.net', '23.47.212.207']",2022/01/24 06:33:18
165,dnsmasq[3468],query[AAAA] e6030.a.akamaiedge.net from 10.143.1.78,1c20f0f3,query[AAAA] <*> from <*>,"['e6030.a.akamaiedge.net', '10.143.1.78']",2022/01/24 06:33:18
166,dnsmasq[3468],cached e6030.a.akamaiedge.net is NODATA-IPv6,2604aa46,cached <*> is <*>,"['e6030.a.akamaiedge.net', 'NODATA-IPv6']",2022/01/24 06:33:18
167,dnsmasq[3468],query[A] tivan.naver.com from 10.143.1.78,40f8343b,query[A] <*> from <*>,"['tivan.naver.com', '10.143.1.78']",2022/01/24 06:33:18
168,dnsmasq[3468],forwarded tivan.naver.com to 192.168.231.254,bef4b736,forwarded <*> to <*>,"['tivan.naver.com', '192.168.231.254']",2022/01/24 06:33:18
169,dnsmasq[3468],query[AAAA] tivan.naver.com from 10.143.1.78,1c20f0f3,query[AAAA] <*> from <*>,"['tivan.naver.com', '10.143.1.78']",2022/01/24 06:33:18
170,dnsmasq[3468],forwarded tivan.naver.com to 192.168.231.254,bef4b736,forwarded <*> to <*>,"['tivan.naver.com', '192.168.231.254']",2022/01/24 06:33:18
171,dnsmasq[3468],query[A] siape.veta.naver.com from 10.143.1.78,40f8343b,query[A] <*> from <*>,"['siape.veta.naver.com', '10.143.1.78']",2022/01/24 06:33:18
172,dnsmasq[3468],forwarded siape.veta.naver.com to 192.168.231.254,bef4b736,forwarded <*> to <*>,"['siape.veta.naver.com', '192.168.231.254']",2022/01/24 06:33:18
173,dnsmasq[3468],query[AAAA] siape.veta.naver.com from 10.143.1.78,1c20f0f3,query[AAAA] <*> from <*>,"['siape.veta.naver.com', '10.143.1.78']",2022/01/24 06:33:18
174,dnsmasq[3468],forwarded siape.veta.naver.com to 192.168.231.254,bef4b736,forwarded <*> to <*>,"['siape.veta.naver.com', '192.168.231.254']",2022/01/24 06:33:18
175,dnsmasq[3468],query[AAAA] e6030.a.akamaiedge.net from 10.143.1.78,1c20f0f3,query[AAAA] <*> from <*>,"['e6030.a.akamaiedge.net', '10.143.1.78']",2022/01/24 06:33:18
176,dnsmasq[3468],cached e6030.a.akamaiedge.net is NODATA-IPv6,2604aa46,cached <*> is <*>,"['e6030.a.akamaiedge.net', 'NODATA-IPv6']",2022/01/24 06:33:18
177,dnsmasq[3468],reply siape.veta.naver.com is <CNAME>,a1c209ec,reply <*> is <*>,"['siape.veta.naver.com', '<CNAME>']",2022/01/24 06:33:18
178,dnsmasq[3468],reply siape.veta.naver.com.nheos.com is <CNAME>,a1c209ec,reply <*> is <*>,"['siape.veta.naver.com.nheos.com', '<CNAME>']",2022/01/24 06:33:18
179,dnsmasq[3468],reply siape.veta.naver.com.edgekey.net is <CNAME>,a1c209ec,reply <*> is <*>,"['siape.veta.naver.com.edgekey.net', '<CNAME>']",2022/01/24 06:33:18
180,dnsmasq[3468],reply e6030.a.akamaiedge.net is 23.47.212.196,a1c209ec,reply <*> is <*>,"['e6030.a.akamaiedge.net', '23.47.212.196']",2022/01/24 06:33:18
181,dnsmasq[3468],reply tivan.naver.com is <CNAME>,a1c209ec,reply <*> is <*>,"['tivan.naver.com', '<CNAME>']",2022/01/24 06:33:18
182,dnsmasq[3468],reply tivan.naver.com.akadns.net is <CNAME>,a1c209ec,reply <*> is <*>,"['tivan.naver.com.akadns.net', '<CNAME>']",2022/01/24 06:33:18
183,dnsmasq[3468],reply eus-tivan.naver.com.akadns.net is 203.104.164.27,a1c209ec,reply <*> is <*>,"['eus-tivan.naver.com.akadns.net', '203.104.164.27']",2022/01/24 06:33:18
184,dnsmasq[3468],reply tivan.naver.com is <CNAME>,a1c209ec,reply <*> is <*>,"['tivan.naver.com', '<CNAME>']",2022/01/24 06:33:18
185,dnsmasq[3468],reply tivan.naver.com.akadns.net is <CNAME>,a1c209ec,reply <*> is <*>,"['tivan.naver.com.akadns.net', '<CNAME>']",2022/01/24 06:33:18
186,dnsmasq[3468],reply eus-tivan.naver.com.akadns.net is NODATA-IPv6,a1c209ec,reply <*> is <*>,"['eus-tivan.naver.com.akadns.net', 'NODATA-IPv6']",2022/01/24 06:33:18
187,dnsmasq[3468],query[AAAA] eus-tivan.naver.com.akadns.net from 10.143.1.78,1c20f0f3,query[AAAA] <*> from <*>,"['eus-tivan.naver.com.akadns.net', '10.143.1.78']",2022/01/24 06:33:18
188,dnsmasq[3468],cached eus-tivan.naver.com.akadns.net is NODATA-IPv6,2604aa46,cached <*> is <*>,"['eus-tivan.naver.com.akadns.net', 'NODATA-IPv6']",2022/01/24 06:33:18
189,dnsmasq[3468],reply siape.veta.naver.com is <CNAME>,a1c209ec,reply <*> is <*>,"['siape.veta.naver.com', '<CNAME>']",2022/01/24 06:33:18
190,dnsmasq[3468],reply siape.veta.naver.com.nheos.com is NODATA-IPv6,a1c209ec,reply <*> is <*>,"['siape.veta.naver.com.nheos.com', 'NODATA-IPv6']",2022/01/24 06:33:18
191,dnsmasq[3468],query[AAAA] e6030.a.akamaiedge.net from 10.143.1.78,1c20f0f3,query[AAAA] <*> from <*>,"['e6030.a.akamaiedge.net', '10.143.1.78']",2022/01/24 06:33:18
192,dnsmasq[3468],cached e6030.a.akamaiedge.net is NODATA-IPv6,2604aa46,cached <*> is <*>,"['e6030.a.akamaiedge.net', 'NODATA-IPv6']",2022/01/24 06:33:18
193,dnsmasq[3468],query[AAAA] e6030.a.akamaiedge.net from 10.143.1.78,1c20f0f3,query[AAAA] <*> from <*>,"['e6030.a.akamaiedge.net', '10.143.1.78']",2022/01/24 06:33:18
194,dnsmasq[3468],cached e6030.a.akamaiedge.net is NODATA-IPv6,2604aa46,cached <*> is <*>,"['e6030.a.akamaiedge.net', 'NODATA-IPv6']",2022/01/24 06:33:18
195,dnsmasq[3468],reply static-whale.pstatic.net.static.gscdn.net is NODATA-IPv6,a1c209ec,reply <*> is <*>,"['static-whale.pstatic.net.static.gscdn.net', 'NODATA-IPv6']",2022/01/24 06:33:19
196,dnsmasq[3468],reply static-whale.pstatic.net.static.gscdn.net is 101.79.137.157,a1c209ec,reply <*> is <*>,"['static-whale.pstatic.net.static.gscdn.net', '101.79.137.157']",2022/01/24 06:33:19
197,dnsmasq[3468],reply static-whale.pstatic.net.static.gscdn.net is 183.111.26.20,a1c209ec,reply <*> is <*>,"['static-whale.pstatic.net.static.gscdn.net', '183.111.26.20']",2022/01/24 06:33:19
198,dnsmasq[3468],reply static-whale.pstatic.net.static.gscdn.net is 211.216.46.13,a1c209ec,reply <*> is <*>,"['static-whale.pstatic.net.static.gscdn.net', '211.216.46.13']",2022/01/24 06:33:19
199,dnsmasq[3468],query[AAAA] e6030.a.akamaiedge.net from 10.143.1.78,1c20f0f3,query[AAAA] <*> from <*>,"['e6030.a.akamaiedge.net', '10.143.1.78']",2022/01/24 06:33:19
200,dnsmasq[3468],cached e6030.a.akamaiedge.net is NODATA-IPv6,2604aa46,cached <*> is <*>,"['e6030.a.akamaiedge.net', 'NODATA-IPv6']",2022/01/24 06:33:19
201,dnsmasq[3468],query[AAAA] e6030.a.akamaiedge.net from 10.143.1.78,1c20f0f3,query[AAAA] <*> from <*>,"['e6030.a.akamaiedge.net', '10.143.1.78']",2022/01/24 06:33:19
202,dnsmasq[3468],cached e6030.a.akamaiedge.net is NODATA-IPv6,2604aa46,cached <*> is <*>,"['e6030.a.akamaiedge.net', 'NODATA-IPv6']",2022/01/24 06:33:19
203,dnsmasq[3468],query[AAAA] e6030.a.akamaiedge.net from 10.143.1.78,1c20f0f3,query[AAAA] <*> from <*>,"['e6030.a.akamaiedge.net', '10.143.1.78']",2022/01/24 06:33:19
204,dnsmasq[3468],cached e6030.a.akamaiedge.net is NODATA-IPv6,2604aa46,cached <*> is <*>,"['e6030.a.akamaiedge.net', 'NODATA-IPv6']",2022/01/24 06:33:19
