LineId,Client_IP,Timestamp,Status_Code,Response_Bytes,Refer,Method,Path,Version,User_Agent
1,10.143.3.65,2022/01/21 05:55:22,200,6202,-,GET,/,HTTP/1.1,"""Mozilla/5.0 (X11; Ubuntu; Linux x86_64; rv:86.0) Gecko/20100101 Firefox/86.0"""
2,10.143.3.65,2022/01/21 05:55:27,200,10846,http://intranet.smith.russellmitchell.com/,GET,/wp-includes/css/dist/block-library/style.min.css?ver=5.8.3,HTTP/1.1,"""Mozilla/5.0 (X11; Ubuntu; Linux x86_64; rv:86.0) Gecko/20100101 Firefox/86.0"""
3,10.143.3.65,2022/01/21 05:55:27,200,1099,http://intranet.smith.russellmitchell.com/,GET,/wp-includes/js/wp-embed.min.js?ver=5.8.3,HTTP/1.1,"""Mozilla/5.0 (X11; Ubuntu; Linux x86_64; rv:86.0) Gecko/20100101 Firefox/86.0"""
4,10.143.3.65,2022/01/21 05:55:27,200,1412,http://intranet.smith.russellmitchell.com/,GET,/wp-content/themes/go/dist/css/design-styles/style-traditional.min.css?ver=1.5.2,HTTP/1.1,"""Mozilla/5.0 (X11; Ubuntu; Linux x86_64; rv:86.0) Gecko/20100101 Firefox/86.0"""
5,10.143.3.65,2022/01/21 05:55:27,200,5265,http://intranet.smith.russellmitchell.com/,GET,/wp-includes/js/wp-emoji-release.min.js?ver=5.8.3,HTTP/1.1,"""Mozilla/5.0 (X11; Ubuntu; Linux x86_64; rv:86.0) Gecko/20100101 Firefox/86.0"""
6,10.143.3.65,2022/01/21 05:55:27,200,2916,http://intranet.smith.russellmitchell.com/,GET,/wp-content/themes/go/dist/js/frontend.min.js?ver=1.5.2,HTTP/1.1,"""Mozilla/5.0 (X11; Ubuntu; Linux x86_64; rv:86.0) Gecko/20100101 Firefox/86.0"""
7,10.143.3.65,2022/01/21 05:55:27,200,23204,http://intranet.smith.russellmitchell.com/,GET,/wp-content/themes/go/dist/css/style-shared.min.css?ver=1.5.2,HTTP/1.1,"""Mozilla/5.0 (X11; Ubuntu; Linux x86_64; rv:86.0) Gecko/20100101 Firefox/86.0"""
8,10.143.2.4,2022/01/21 05:55:27,200,9137,-,GET,/,HTTP/1.1,"""WordPress/5.8.3; https://intranet.smith.russellmitchell.com"""
9,10.143.3.65,2022/01/21 05:55:27,404,396,http://intranet.smith.russellmitchell.com/,GET,/favicon.ico,HTTP/1.1,"""Mozilla/5.0 (X11; Ubuntu; Linux x86_64; rv:86.0) Gecko/20100101 Firefox/86.0"""
10,10.143.2.4,2022/01/21 05:55:27,200,150,-,POST,/wp-cron.php?doing_wp_cron=1642744522.0821399688720703125000,HTTP/1.1,"""WordPress/5.8.3; https://intranet.smith.russellmitchell.com"""
11,::1,2022/01/21 05:55:32,200,110,-,OPTIONS,*,HTTP/1.0,"""Apache/2.4.29 (Ubuntu) OpenSSL/1.1.1 (internal dummy connection)"""
12,10.143.3.65,2022/01/21 05:57:47,200,20008,-,GET,/?p=5,HTTP/1.1,"""Mozilla/5.0 (X11; Ubuntu; Linux x86_64; rv:86.0) Gecko/20100101 Firefox/86.0"""
13,10.143.3.65,2022/01/21 05:57:47,200,10934,https://intranet.smith.russellmitchell.com/?p=5,GET,/wp-includes/css/dist/block-library/style.min.css?ver=5.8.3,HTTP/1.1,"""Mozilla/5.0 (X11; Ubuntu; Linux x86_64; rv:86.0) Gecko/20100101 Firefox/86.0"""
14,10.143.3.65,2022/01/21 05:57:47,200,19726,https://intranet.smith.russellmitchell.com/?p=5,GET,/wp-content/plugins/wpdiscuz/themes/default/style.css?ver=7.0.4,HTTP/1.1,"""Mozilla/5.0 (X11; Ubuntu; Linux x86_64; rv:86.0) Gecko/20100101 Firefox/86.0"""
15,10.143.3.65,2022/01/21 05:57:47,200,2888,https://intranet.smith.russellmitchell.com/?p=5,GET,/wp-content/plugins/wpdiscuz/assets/third-party/font-awesome-5.13.0/css/fa.min.css?ver=7.0.4,HTTP/1.1,"""Mozilla/5.0 (X11; Ubuntu; Linux x86_64; rv:86.0) Gecko/20100101 Firefox/86.0"""
16,10.143.3.65,2022/01/21 05:57:47,200,6799,https://intranet.smith.russellmitchell.com/?p=5,GET,/wp-content/plugins/wpdiscuz/assets/css/wpdiscuz-combo.min.css?ver=5.8.3,HTTP/1.1,"""Mozilla/5.0 (X11; Ubuntu; Linux x86_64; rv:86.0) Gecko/20100101 Firefox/86.0"""
17,10.143.3.65,2022/01/21 05:57:48,200,2981,https://intranet.smith.russellmitchell.com/?p=5,GET,/wp-content/themes/go/dist/js/frontend.min.js?ver=1.5.2,HTTP/1.1,"""Mozilla/5.0 (X11; Ubuntu; Linux x86_64; rv:86.0) Gecko/20100101 Firefox/86.0"""
18,10.143.3.65,2022/01/21 05:57:48,200,2009,https://intranet.smith.russellmitchell.com/?p=5,GET,/wp-content/themes/go/dist/css/design-styles/style-traditional.min.css?ver=1.5.2,HTTP/1.1,"""Mozilla/5.0 (X11; Ubuntu; Linux x86_64; rv:86.0) Gecko/20100101 Firefox/86.0"""
19,10.143.3.65,2022/01/21 05:57:48,200,5146,https://intranet.smith.russellmitchell.com/?p=5,GET,/wp-includes/js/jquery/jquery-migrate.min.js?ver=3.3.2,HTTP/1.1,"""Mozilla/5.0 (X11; Ubuntu; Linux x86_64; rv:86.0) Gecko/20100101 Firefox/86.0"""
20,10.143.3.65,2022/01/21 05:57:48,200,1120,https://intranet.smith.russellmitchell.com/?p=5,GET,/wp-includes/js/wp-embed.min.js?ver=5.8.3,HTTP/1.1,"""Mozilla/5.0 (X11; Ubuntu; Linux x86_64; rv:86.0) Gecko/20100101 Firefox/86.0"""
21,10.143.3.65,2022/01/21 05:57:48,200,1702,https://intranet.smith.russellmitchell.com/?p=5,GET,/wp-includes/js/comment-reply.min.js?ver=5.8.3,HTTP/1.1,"""Mozilla/5.0 (X11; Ubuntu; Linux x86_64; rv:86.0) Gecko/20100101 Firefox/86.0"""
22,10.143.3.65,2022/01/21 05:57:48,200,5331,https://intranet.smith.russellmitchell.com/?p=5,GET,/wp-includes/js/wp-emoji-release.min.js?ver=5.8.3,HTTP/1.1,"""Mozilla/5.0 (X11; Ubuntu; Linux x86_64; rv:86.0) Gecko/20100101 Firefox/86.0"""
23,10.143.3.65,2022/01/21 05:57:48,200,23889,https://intranet.smith.russellmitchell.com/?p=5,GET,/wp-content/themes/go/dist/css/style-shared.min.css?ver=1.5.2,HTTP/1.1,"""Mozilla/5.0 (X11; Ubuntu; Linux x86_64; rv:86.0) Gecko/20100101 Firefox/86.0"""
24,10.143.3.65,2022/01/21 05:57:48,200,31953,https://intranet.smith.russellmitchell.com/?p=5,GET,/wp-includes/js/jquery/jquery.min.js?ver=3.6.0,HTTP/1.1,"""Mozilla/5.0 (X11; Ubuntu; Linux x86_64; rv:86.0) Gecko/20100101 Firefox/86.0"""
25,10.143.3.65,2022/01/21 05:57:48,200,71842,https://intranet.smith.russellmitchell.com/?p=5,GET,/wp-content/plugins/wpdiscuz/assets/js/wpdiscuz-combo.min.js?ver=7.0.4,HTTP/1.1,"""Mozilla/5.0 (X11; Ubuntu; Linux x86_64; rv:86.0) Gecko/20100101 Firefox/86.0"""
26,10.143.3.65,2022/01/21 05:57:48,200,18908,https://intranet.smith.russellmitchell.com/wp-content/plugins/wpdiscuz/themes/default/style.css?ver=7.0.4,GET,/wp-content/plugins/wpdiscuz/themes/default/css/fonts/sqr721c-webfont.woff2,HTTP/1.1,"""Mozilla/5.0 (X11; Ubuntu; Linux x86_64; rv:86.0) Gecko/20100101 Firefox/86.0"""
27,10.143.3.65,2022/01/21 05:57:48,200,13874,https://intranet.smith.russellmitchell.com/wp-content/plugins/wpdiscuz/assets/third-party/font-awesome-5.13.0/css/fa.min.css?ver=7.0.4,GET,/wp-content/plugins/wpdiscuz/assets/third-party/font-awesome-5.13.0/webfonts/fa-regular-400.woff2,HTTP/1.1,"""Mozilla/5.0 (X11; Ubuntu; Linux x86_64; rv:86.0) Gecko/20100101 Firefox/86.0"""
28,10.143.3.65,2022/01/21 05:57:48,200,79823,https://intranet.smith.russellmitchell.com/wp-content/plugins/wpdiscuz/assets/third-party/font-awesome-5.13.0/css/fa.min.css?ver=7.0.4,GET,/wp-content/plugins/wpdiscuz/assets/third-party/font-awesome-5.13.0/webfonts/fa-solid-900.woff2,HTTP/1.1,"""Mozilla/5.0 (X11; Ubuntu; Linux x86_64; rv:86.0) Gecko/20100101 Firefox/86.0"""
29,10.143.3.65,2022/01/21 05:57:48,200,76991,https://intranet.smith.russellmitchell.com/wp-content/plugins/wpdiscuz/assets/third-party/font-awesome-5.13.0/css/fa.min.css?ver=7.0.4,GET,/wp-content/plugins/wpdiscuz/assets/third-party/font-awesome-5.13.0/webfonts/fa-brands-400.woff2,HTTP/1.1,"""Mozilla/5.0 (X11; Ubuntu; Linux x86_64; rv:86.0) Gecko/20100101 Firefox/86.0"""
30,10.143.3.65,2022/01/21 05:57:48,404,418,https://intranet.smith.russellmitchell.com/?p=5,GET,/favicon.ico,HTTP/1.1,"""Mozilla/5.0 (X11; Ubuntu; Linux x86_64; rv:86.0) Gecko/20100101 Firefox/86.0"""
31,::1,2022/01/21 05:57:53,200,110,-,OPTIONS,*,HTTP/1.0,"""Apache/2.4.29 (Ubuntu) OpenSSL/1.1.1 (internal dummy connection)"""
32,10.143.3.65,2022/01/21 06:00:37,200,4069,https://intranet.smith.russellmitchell.com/wp-content/plugins/wpdiscuz/themes/default/style.css?ver=7.0.4,GET,/wp-content/plugins/wpdiscuz/assets/img/loading.gif,HTTP/1.1,"""Mozilla/5.0 (X11; Ubuntu; Linux x86_64; rv:86.0) Gecko/20100101 Firefox/86.0"""
33,10.143.3.65,2022/01/21 06:00:37,200,5686,https://intranet.smith.russellmitchell.com/?p=5,POST,/wp-admin/admin-ajax.php,HTTP/1.1,"""Mozilla/5.0 (X11; Ubuntu; Linux x86_64; rv:86.0) Gecko/20100101 Firefox/86.0"""
34,10.143.3.65,2022/01/21 06:00:37,200,549,https://intranet.smith.russellmitchell.com/?p=5,POST,/wp-admin/admin-ajax.php,HTTP/1.1,"""Mozilla/5.0 (X11; Ubuntu; Linux x86_64; rv:86.0) Gecko/20100101 Firefox/86.0"""
35,10.143.3.65,2022/01/21 06:01:35,200,5727,https://intranet.smith.russellmitchell.com/?p=5,POST,/wp-admin/admin-ajax.php,HTTP/1.1,"""Mozilla/5.0 (X11; Ubuntu; Linux x86_64; rv:86.0) Gecko/20100101 Firefox/86.0"""
36,10.143.3.65,2022/01/21 06:01:35,200,549,https://intranet.smith.russellmitchell.com/?p=5,POST,/wp-admin/admin-ajax.php,HTTP/1.1,"""Mozilla/5.0 (X11; Ubuntu; Linux x86_64; rv:86.0) Gecko/20100101 Firefox/86.0"""
37,10.143.3.65,2022/01/21 06:02:03,200,1237,https://intranet.smith.russellmitchell.com/?p=5,POST,/wp-admin/admin-ajax.php,HTTP/1.1,"""Mozilla/5.0 (X11; Ubuntu; Linux x86_64; rv:86.0) Gecko/20100101 Firefox/86.0"""
38,10.143.3.65,2022/01/21 06:02:11,200,6202,-,GET,/,HTTP/1.1,"""Mozilla/5.0 (X11; Ubuntu; Linux x86_64; rv:86.0) Gecko/20100101 Firefox/86.0"""
39,10.143.3.65,2022/01/21 06:04:09,200,17905,-,GET,/?p=5,HTTP/1.1,"""Mozilla/5.0 (X11; Ubuntu; Linux x86_64; rv:86.0) Gecko/20100101 Firefox/86.0"""
40,10.143.3.65,2022/01/21 06:04:09,200,18908,https://intranet.smith.russellmitchell.com/wp-content/plugins/wpdiscuz/themes/default/style.css?ver=7.0.4,GET,/wp-content/plugins/wpdiscuz/themes/default/css/fonts/sqr721c-webfont.woff2,HTTP/1.1,"""Mozilla/5.0 (X11; Ubuntu; Linux x86_64; rv:86.0) Gecko/20100101 Firefox/86.0"""
41,10.143.3.65,2022/01/21 06:07:03,200,5719,https://intranet.smith.russellmitchell.com/?p=5,POST,/wp-admin/admin-ajax.php,HTTP/1.1,"""Mozilla/5.0 (X11; Ubuntu; Linux x86_64; rv:86.0) Gecko/20100101 Firefox/86.0"""
42,10.143.3.65,2022/01/21 06:07:03,200,549,https://intranet.smith.russellmitchell.com/?p=5,POST,/wp-admin/admin-ajax.php,HTTP/1.1,"""Mozilla/5.0 (X11; Ubuntu; Linux x86_64; rv:86.0) Gecko/20100101 Firefox/86.0"""
43,10.143.3.65,2022/01/21 06:07:58,200,5573,https://intranet.smith.russellmitchell.com/?p=5,POST,/wp-admin/admin-ajax.php,HTTP/1.1,"""Mozilla/5.0 (X11; Ubuntu; Linux x86_64; rv:86.0) Gecko/20100101 Firefox/86.0"""
44,10.143.3.65,2022/01/21 06:07:59,200,549,https://intranet.smith.russellmitchell.com/?p=5,POST,/wp-admin/admin-ajax.php,HTTP/1.1,"""Mozilla/5.0 (X11; Ubuntu; Linux x86_64; rv:86.0) Gecko/20100101 Firefox/86.0"""
45,10.143.3.65,2022/01/21 06:09:28,200,5759,https://intranet.smith.russellmitchell.com/?p=5,POST,/wp-admin/admin-ajax.php,HTTP/1.1,"""Mozilla/5.0 (X11; Ubuntu; Linux x86_64; rv:86.0) Gecko/20100101 Firefox/86.0"""
46,10.143.3.65,2022/01/21 06:09:28,200,549,https://intranet.smith.russellmitchell.com/?p=5,POST,/wp-admin/admin-ajax.php,HTTP/1.1,"""Mozilla/5.0 (X11; Ubuntu; Linux x86_64; rv:86.0) Gecko/20100101 Firefox/86.0"""
47,10.143.3.65,2022/01/21 06:10:33,200,5731,https://intranet.smith.russellmitchell.com/?p=5,POST,/wp-admin/admin-ajax.php,HTTP/1.1,"""Mozilla/5.0 (X11; Ubuntu; Linux x86_64; rv:86.0) Gecko/20100101 Firefox/86.0"""
48,10.143.3.65,2022/01/21 06:10:34,200,549,https://intranet.smith.russellmitchell.com/?p=5,POST,/wp-admin/admin-ajax.php,HTTP/1.1,"""Mozilla/5.0 (X11; Ubuntu; Linux x86_64; rv:86.0) Gecko/20100101 Firefox/86.0"""
49,10.143.3.65,2022/01/21 06:11:23,200,6202,-,GET,/,HTTP/1.1,"""Mozilla/5.0 (X11; Ubuntu; Linux x86_64; rv:86.0) Gecko/20100101 Firefox/86.0"""
50,172.19.131.174,2022/01/21 07:25:28,200,6202,-,GET,/,HTTP/1.1,"""Mozilla/5.0 (X11; Linux x86_64) AppleWebKit/537.36 (KHTML, like Gecko) HeadlessChrome/97.0.4692.71 Safari/537.36"""
51,10.143.2.4,2022/01/21 07:25:28,200,150,-,POST,/wp-cron.php?doing_wp_cron=1642749928.9544060230255126953125,HTTP/1.1,"""WordPress/5.8.3; https://intranet.smith.russellmitchell.com"""
52,172.19.131.174,2022/01/21 07:25:29,200,10846,http://intranet.smith.russellmitchell.com/,GET,/wp-includes/css/dist/block-library/style.min.css?ver=5.8.3,HTTP/1.1,"""Mozilla/5.0 (X11; Linux x86_64) AppleWebKit/537.36 (KHTML, like Gecko) HeadlessChrome/97.0.4692.71 Safari/537.36"""
53,172.19.131.174,2022/01/21 07:25:29,200,1099,http://intranet.smith.russellmitchell.com/,GET,/wp-includes/js/wp-embed.min.js?ver=5.8.3,HTTP/1.1,"""Mozilla/5.0 (X11; Linux x86_64) AppleWebKit/537.36 (KHTML, like Gecko) HeadlessChrome/97.0.4692.71 Safari/537.36"""
54,172.19.131.174,2022/01/21 07:25:29,200,2916,http://intranet.smith.russellmitchell.com/,GET,/wp-content/themes/go/dist/js/frontend.min.js?ver=1.5.2,HTTP/1.1,"""Mozilla/5.0 (X11; Linux x86_64) AppleWebKit/537.36 (KHTML, like Gecko) HeadlessChrome/97.0.4692.71 Safari/537.36"""
55,172.19.131.174,2022/01/21 07:25:29,200,1412,http://intranet.smith.russellmitchell.com/,GET,/wp-content/themes/go/dist/css/design-styles/style-traditional.min.css?ver=1.5.2,HTTP/1.1,"""Mozilla/5.0 (X11; Linux x86_64) AppleWebKit/537.36 (KHTML, like Gecko) HeadlessChrome/97.0.4692.71 Safari/537.36"""
56,172.19.131.174,2022/01/21 07:25:29,200,23203,http://intranet.smith.russellmitchell.com/,GET,/wp-content/themes/go/dist/css/style-shared.min.css?ver=1.5.2,HTTP/1.1,"""Mozilla/5.0 (X11; Linux x86_64) AppleWebKit/537.36 (KHTML, like Gecko) HeadlessChrome/97.0.4692.71 Safari/537.36"""
57,172.19.131.174,2022/01/21 07:25:29,200,5265,http://intranet.smith.russellmitchell.com/,GET,/wp-includes/js/wp-emoji-release.min.js?ver=5.8.3,HTTP/1.1,"""Mozilla/5.0 (X11; Linux x86_64) AppleWebKit/537.36 (KHTML, like Gecko) HeadlessChrome/97.0.4692.71 Safari/537.36"""
58,172.19.131.174,2022/01/21 07:30:41,200,20704,-,GET,/?p=5,HTTP/1.1,"""Mozilla/5.0 (X11; Linux x86_64) AppleWebKit/537.36 (KHTML, like Gecko) HeadlessChrome/97.0.4692.71 Safari/537.36"""
59,172.19.131.174,2022/01/21 07:30:41,200,10934,https://intranet.smith.russellmitchell.com/?p=5,GET,/wp-includes/css/dist/block-library/style.min.css?ver=5.8.3,HTTP/1.1,"""Mozilla/5.0 (X11; Linux x86_64) AppleWebKit/537.36 (KHTML, like Gecko) HeadlessChrome/97.0.4692.71 Safari/537.36"""
60,172.19.131.174,2022/01/21 07:30:41,200,19726,https://intranet.smith.russellmitchell.com/?p=5,GET,/wp-content/plugins/wpdiscuz/themes/default/style.css?ver=7.0.4,HTTP/1.1,"""Mozilla/5.0 (X11; Linux x86_64) AppleWebKit/537.36 (KHTML, like Gecko) HeadlessChrome/97.0.4692.71 Safari/537.36"""
61,172.19.131.174,2022/01/21 07:30:41,200,3464,https://intranet.smith.russellmitchell.com/?p=5,GET,/wp-content/plugins/wpdiscuz/assets/third-party/font-awesome-5.13.0/css/fa.min.css?ver=7.0.4,HTTP/1.1,"""Mozilla/5.0 (X11; Linux x86_64) AppleWebKit/537.36 (KHTML, like Gecko) HeadlessChrome/97.0.4692.71 Safari/537.36"""
62,172.19.131.174,2022/01/21 07:30:41,200,7375,https://intranet.smith.russellmitchell.com/?p=5,GET,/wp-content/plugins/wpdiscuz/assets/css/wpdiscuz-combo.min.css?ver=5.8.3,HTTP/1.1,"""Mozilla/5.0 (X11; Linux x86_64) AppleWebKit/537.36 (KHTML, like Gecko) HeadlessChrome/97.0.4692.71 Safari/537.36"""
63,172.19.131.174,2022/01/21 07:30:41,200,1433,https://intranet.smith.russellmitchell.com/?p=5,GET,/wp-content/themes/go/dist/css/design-styles/style-traditional.min.css?ver=1.5.2,HTTP/1.1,"""Mozilla/5.0 (X11; Linux x86_64) AppleWebKit/537.36 (KHTML, like Gecko) HeadlessChrome/97.0.4692.71 Safari/537.36"""
64,172.19.131.174,2022/01/21 07:30:41,200,23889,https://intranet.smith.russellmitchell.com/?p=5,GET,/wp-content/themes/go/dist/css/style-shared.min.css?ver=1.5.2,HTTP/1.1,"""Mozilla/5.0 (X11; Linux x86_64) AppleWebKit/537.36 (KHTML, like Gecko) HeadlessChrome/97.0.4692.71 Safari/537.36"""
65,172.19.131.174,2022/01/21 07:30:41,200,7591,https://intranet.smith.russellmitchell.com/?p=5,GET,/wp-includes/js/jquery/jquery-migrate.min.js?ver=3.3.2,HTTP/1.1,"""Mozilla/5.0 (X11; Linux x86_64) AppleWebKit/537.36 (KHTML, like Gecko) HeadlessChrome/97.0.4692.71 Safari/537.36"""
66,172.19.131.174,2022/01/21 07:30:41,200,31377,https://intranet.smith.russellmitchell.com/?p=5,GET,/wp-includes/js/jquery/jquery.min.js?ver=3.6.0,HTTP/1.1,"""Mozilla/5.0 (X11; Linux x86_64) AppleWebKit/537.36 (KHTML, like Gecko) HeadlessChrome/97.0.4692.71 Safari/537.36"""
67,172.19.131.174,2022/01/21 07:30:41,200,2981,https://intranet.smith.russellmitchell.com/?p=5,GET,/wp-content/themes/go/dist/js/frontend.min.js?ver=1.5.2,HTTP/1.1,"""Mozilla/5.0 (X11; Linux x86_64) AppleWebKit/537.36 (KHTML, like Gecko) HeadlessChrome/97.0.4692.71 Safari/537.36"""
68,172.19.131.174,2022/01/21 07:30:41,200,1120,https://intranet.smith.russellmitchell.com/?p=5,GET,/wp-includes/js/wp-embed.min.js?ver=5.8.3,HTTP/1.1,"""Mozilla/5.0 (X11; Linux x86_64) AppleWebKit/537.36 (KHTML, like Gecko) HeadlessChrome/97.0.4692.71 Safari/537.36"""
69,172.19.131.174,2022/01/21 07:30:41,200,1702,https://intranet.smith.russellmitchell.com/?p=5,GET,/wp-includes/js/comment-reply.min.js?ver=5.8.3,HTTP/1.1,"""Mozilla/5.0 (X11; Linux x86_64) AppleWebKit/537.36 (KHTML, like Gecko) HeadlessChrome/97.0.4692.71 Safari/537.36"""
70,172.19.131.174,2022/01/21 07:30:41,200,71266,https://intranet.smith.russellmitchell.com/?p=5,GET,/wp-content/plugins/wpdiscuz/assets/js/wpdiscuz-combo.min.js?ver=7.0.4,HTTP/1.1,"""Mozilla/5.0 (X11; Linux x86_64) AppleWebKit/537.36 (KHTML, like Gecko) HeadlessChrome/97.0.4692.71 Safari/537.36"""
71,172.19.131.174,2022/01/21 07:30:41,200,5331,https://intranet.smith.russellmitchell.com/?p=5,GET,/wp-includes/js/wp-emoji-release.min.js?ver=5.8.3,HTTP/1.1,"""Mozilla/5.0 (X11; Linux x86_64) AppleWebKit/537.36 (KHTML, like Gecko) HeadlessChrome/97.0.4692.71 Safari/537.36"""
72,172.19.131.174,2022/01/21 07:30:42,200,18908,https://intranet.smith.russellmitchell.com/wp-content/plugins/wpdiscuz/themes/default/style.css?ver=7.0.4,GET,/wp-content/plugins/wpdiscuz/themes/default/css/fonts/sqr721c-webfont.woff2,HTTP/1.1,"""Mozilla/5.0 (X11; Linux x86_64) AppleWebKit/537.36 (KHTML, like Gecko) HeadlessChrome/97.0.4692.71 Safari/537.36"""
73,172.19.131.174,2022/01/21 07:30:42,200,13874,https://intranet.smith.russellmitchell.com/wp-content/plugins/wpdiscuz/assets/third-party/font-awesome-5.13.0/css/fa.min.css?ver=7.0.4,GET,/wp-content/plugins/wpdiscuz/assets/third-party/font-awesome-5.13.0/webfonts/fa-regular-400.woff2,HTTP/1.1,"""Mozilla/5.0 (X11; Linux x86_64) AppleWebKit/537.36 (KHTML, like Gecko) HeadlessChrome/97.0.4692.71 Safari/537.36"""
74,172.19.131.174,2022/01/21 07:30:42,200,79823,https://intranet.smith.russellmitchell.com/wp-content/plugins/wpdiscuz/assets/third-party/font-awesome-5.13.0/css/fa.min.css?ver=7.0.4,GET,/wp-content/plugins/wpdiscuz/assets/third-party/font-awesome-5.13.0/webfonts/fa-solid-900.woff2,HTTP/1.1,"""Mozilla/5.0 (X11; Linux x86_64) AppleWebKit/537.36 (KHTML, like Gecko) HeadlessChrome/97.0.4692.71 Safari/537.36"""
75,172.19.131.174,2022/01/21 07:30:42,200,76991,https://intranet.smith.russellmitchell.com/wp-content/plugins/wpdiscuz/assets/third-party/font-awesome-5.13.0/css/fa.min.css?ver=7.0.4,GET,/wp-content/plugins/wpdiscuz/assets/third-party/font-awesome-5.13.0/webfonts/fa-brands-400.woff2,HTTP/1.1,"""Mozilla/5.0 (X11; Linux x86_64) AppleWebKit/537.36 (KHTML, like Gecko) HeadlessChrome/97.0.4692.71 Safari/537.36"""
76,172.19.131.174,2022/01/21 07:31:01,408,3020,-,,,,"""-"""
77,::1,2022/01/21 07:31:03,200,110,-,OPTIONS,*,HTTP/1.0,"""Apache/2.4.29 (Ubuntu) OpenSSL/1.1.1 (internal dummy connection)"""
78,172.19.131.174,2022/01/21 07:32:09,200,4069,https://intranet.smith.russellmitchell.com/wp-content/plugins/wpdiscuz/themes/default/style.css?ver=7.0.4,GET,/wp-content/plugins/wpdiscuz/assets/img/loading.gif,HTTP/1.1,"""Mozilla/5.0 (X11; Linux x86_64) AppleWebKit/537.36 (KHTML, like Gecko) HeadlessChrome/97.0.4692.71 Safari/537.36"""
79,172.19.131.174,2022/01/21 07:32:09,200,1237,https://intranet.smith.russellmitchell.com/?p=5,POST,/wp-admin/admin-ajax.php,HTTP/1.1,"""Mozilla/5.0 (X11; Linux x86_64) AppleWebKit/537.36 (KHTML, like Gecko) HeadlessChrome/97.0.4692.71 Safari/537.36"""
80,172.19.131.174,2022/01/21 07:32:14,200,1237,https://intranet.smith.russellmitchell.com/?p=5,POST,/wp-admin/admin-ajax.php,HTTP/1.1,"""Mozilla/5.0 (X11; Linux x86_64) AppleWebKit/537.36 (KHTML, like Gecko) HeadlessChrome/97.0.4692.71 Safari/537.36"""
81,172.19.131.174,2022/01/21 07:32:21,200,6202,-,GET,/,HTTP/1.1,"""Mozilla/5.0 (X11; Linux x86_64) AppleWebKit/537.36 (KHTML, like Gecko) HeadlessChrome/97.0.4692.71 Safari/537.36"""
82,172.19.131.174,2022/01/21 07:51:37,200,6202,-,GET,/,HTTP/1.1,"""Mozilla/5.0 (X11; Linux x86_64) AppleWebKit/537.36 (KHTML, like Gecko) HeadlessChrome/97.0.4692.71 Safari/537.36"""
83,172.19.131.174,2022/01/21 07:53:30,200,20712,-,GET,/?p=5,HTTP/1.1,"""Mozilla/5.0 (X11; Linux x86_64) AppleWebKit/537.36 (KHTML, like Gecko) HeadlessChrome/97.0.4692.71 Safari/537.36"""
84,172.19.131.174,2022/01/21 07:53:30,200,10934,https://intranet.smith.russellmitchell.com/?p=5,GET,/wp-includes/css/dist/block-library/style.min.css?ver=5.8.3,HTTP/1.1,"""Mozilla/5.0 (X11; Linux x86_64) AppleWebKit/537.36 (KHTML, like Gecko) HeadlessChrome/97.0.4692.71 Safari/537.36"""
85,172.19.131.174,2022/01/21 07:53:30,200,3464,https://intranet.smith.russellmitchell.com/?p=5,GET,/wp-content/plugins/wpdiscuz/assets/third-party/font-awesome-5.13.0/css/fa.min.css?ver=7.0.4,HTTP/1.1,"""Mozilla/5.0 (X11; Linux x86_64) AppleWebKit/537.36 (KHTML, like Gecko) HeadlessChrome/97.0.4692.71 Safari/537.36"""
86,172.19.131.174,2022/01/21 07:53:30,200,20302,https://intranet.smith.russellmitchell.com/?p=5,GET,/wp-content/plugins/wpdiscuz/themes/default/style.css?ver=7.0.4,HTTP/1.1,"""Mozilla/5.0 (X11; Linux x86_64) AppleWebKit/537.36 (KHTML, like Gecko) HeadlessChrome/97.0.4692.71 Safari/537.36"""
87,172.19.131.174,2022/01/21 07:53:30,200,4570,https://intranet.smith.russellmitchell.com/?p=5,GET,/wp-includes/js/jquery/jquery-migrate.min.js?ver=3.3.2,HTTP/1.1,"""Mozilla/5.0 (X11; Linux x86_64) AppleWebKit/537.36 (KHTML, like Gecko) HeadlessChrome/97.0.4692.71 Safari/537.36"""
88,172.19.131.174,2022/01/21 07:53:30,200,4454,https://intranet.smith.russellmitchell.com/?p=5,GET,/wp-content/themes/go/dist/css/design-styles/style-traditional.min.css?ver=1.5.2,HTTP/1.1,"""Mozilla/5.0 (X11; Linux x86_64) AppleWebKit/537.36 (KHTML, like Gecko) HeadlessChrome/97.0.4692.71 Safari/537.36"""
89,172.19.131.174,2022/01/21 07:53:30,200,7375,https://intranet.smith.russellmitchell.com/?p=5,GET,/wp-content/plugins/wpdiscuz/assets/css/wpdiscuz-combo.min.css?ver=5.8.3,HTTP/1.1,"""Mozilla/5.0 (X11; Linux x86_64) AppleWebKit/537.36 (KHTML, like Gecko) HeadlessChrome/97.0.4692.71 Safari/537.36"""
90,172.19.131.174,2022/01/21 07:53:30,200,23889,https://intranet.smith.russellmitchell.com/?p=5,GET,/wp-content/themes/go/dist/css/style-shared.min.css?ver=1.5.2,HTTP/1.1,"""Mozilla/5.0 (X11; Linux x86_64) AppleWebKit/537.36 (KHTML, like Gecko) HeadlessChrome/97.0.4692.71 Safari/537.36"""
91,172.19.131.174,2022/01/21 07:53:30,200,31377,https://intranet.smith.russellmitchell.com/?p=5,GET,/wp-includes/js/jquery/jquery.min.js?ver=3.6.0,HTTP/1.1,"""Mozilla/5.0 (X11; Linux x86_64) AppleWebKit/537.36 (KHTML, like Gecko) HeadlessChrome/97.0.4692.71 Safari/537.36"""
92,172.19.131.174,2022/01/21 07:53:30,200,2981,https://intranet.smith.russellmitchell.com/?p=5,GET,/wp-content/themes/go/dist/js/frontend.min.js?ver=1.5.2,HTTP/1.1,"""Mozilla/5.0 (X11; Linux x86_64) AppleWebKit/537.36 (KHTML, like Gecko) HeadlessChrome/97.0.4692.71 Safari/537.36"""
93,172.19.131.174,2022/01/21 07:53:30,200,1702,https://intranet.smith.russellmitchell.com/?p=5,GET,/wp-includes/js/comment-reply.min.js?ver=5.8.3,HTTP/1.1,"""Mozilla/5.0 (X11; Linux x86_64) AppleWebKit/537.36 (KHTML, like Gecko) HeadlessChrome/97.0.4692.71 Safari/537.36"""
94,172.19.131.174,2022/01/21 07:53:30,200,1120,https://intranet.smith.russellmitchell.com/?p=5,GET,/wp-includes/js/wp-embed.min.js?ver=5.8.3,HTTP/1.1,"""Mozilla/5.0 (X11; Linux x86_64) AppleWebKit/537.36 (KHTML, like Gecko) HeadlessChrome/97.0.4692.71 Safari/537.36"""
95,172.19.131.174,2022/01/21 07:53:30,200,71266,https://intranet.smith.russellmitchell.com/?p=5,GET,/wp-content/plugins/wpdiscuz/assets/js/wpdiscuz-combo.min.js?ver=7.0.4,HTTP/1.1,"""Mozilla/5.0 (X11; Linux x86_64) AppleWebKit/537.36 (KHTML, like Gecko) HeadlessChrome/97.0.4692.71 Safari/537.36"""
96,172.19.131.174,2022/01/21 07:53:30,200,5331,https://intranet.smith.russellmitchell.com/?p=5,GET,/wp-includes/js/wp-emoji-release.min.js?ver=5.8.3,HTTP/1.1,"""Mozilla/5.0 (X11; Linux x86_64) AppleWebKit/537.36 (KHTML, like Gecko) HeadlessChrome/97.0.4692.71 Safari/537.36"""
97,172.19.131.174,2022/01/21 07:53:31,200,18908,https://intranet.smith.russellmitchell.com/wp-content/plugins/wpdiscuz/themes/default/style.css?ver=7.0.4,GET,/wp-content/plugins/wpdiscuz/themes/default/css/fonts/sqr721c-webfont.woff2,HTTP/1.1,"""Mozilla/5.0 (X11; Linux x86_64) AppleWebKit/537.36 (KHTML, like Gecko) HeadlessChrome/97.0.4692.71 Safari/537.36"""
98,172.19.131.174,2022/01/21 07:53:31,200,13874,https://intranet.smith.russellmitchell.com/wp-content/plugins/wpdiscuz/assets/third-party/font-awesome-5.13.0/css/fa.min.css?ver=7.0.4,GET,/wp-content/plugins/wpdiscuz/assets/third-party/font-awesome-5.13.0/webfonts/fa-regular-400.woff2,HTTP/1.1,"""Mozilla/5.0 (X11; Linux x86_64) AppleWebKit/537.36 (KHTML, like Gecko) HeadlessChrome/97.0.4692.71 Safari/537.36"""
99,172.19.131.174,2022/01/21 07:53:31,200,79823,https://intranet.smith.russellmitchell.com/wp-content/plugins/wpdiscuz/assets/third-party/font-awesome-5.13.0/css/fa.min.css?ver=7.0.4,GET,/wp-content/plugins/wpdiscuz/assets/third-party/font-awesome-5.13.0/webfonts/fa-solid-900.woff2,HTTP/1.1,"""Mozilla/5.0 (X11; Linux x86_64) AppleWebKit/537.36 (KHTML, like Gecko) HeadlessChrome/97.0.4692.71 Safari/537.36"""
100,172.19.131.174,2022/01/21 07:53:31,200,76991,https://intranet.smith.russellmitchell.com/wp-content/plugins/wpdiscuz/assets/third-party/font-awesome-5.13.0/css/fa.min.css?ver=7.0.4,GET,/wp-content/plugins/wpdiscuz/assets/third-party/font-awesome-5.13.0/webfonts/fa-brands-400.woff2,HTTP/1.1,"""Mozilla/5.0 (X11; Linux x86_64) AppleWebKit/537.36 (KHTML, like Gecko) HeadlessChrome/97.0.4692.71 Safari/537.36"""
101,::1,2022/01/21 07:53:39,200,110,-,OPTIONS,*,HTTP/1.0,"""Apache/2.4.29 (Ubuntu) OpenSSL/1.1.1 (internal dummy connection)"""
102,172.19.131.174,2022/01/21 07:56:43,200,4069,https://intranet.smith.russellmitchell.com/wp-content/plugins/wpdiscuz/themes/default/style.css?ver=7.0.4,GET,/wp-content/plugins/wpdiscuz/assets/img/loading.gif,HTTP/1.1,"""Mozilla/5.0 (X11; Linux x86_64) AppleWebKit/537.36 (KHTML, like Gecko) HeadlessChrome/97.0.4692.71 Safari/537.36"""
103,172.19.131.174,2022/01/21 07:56:43,200,5459,https://intranet.smith.russellmitchell.com/?p=5,POST,/wp-admin/admin-ajax.php,HTTP/1.1,"""Mozilla/5.0 (X11; Linux x86_64) AppleWebKit/537.36 (KHTML, like Gecko) HeadlessChrome/97.0.4692.71 Safari/537.36"""
104,172.19.131.174,2022/01/21 07:56:43,200,549,https://intranet.smith.russellmitchell.com/?p=5,POST,/wp-admin/admin-ajax.php,HTTP/1.1,"""Mozilla/5.0 (X11; Linux x86_64) AppleWebKit/537.36 (KHTML, like Gecko) HeadlessChrome/97.0.4692.71 Safari/537.36"""
105,172.19.131.174,2022/01/21 07:57:38,200,1149,https://intranet.smith.russellmitchell.com/?p=5,POST,/wp-admin/admin-ajax.php,HTTP/1.1,"""Mozilla/5.0 (X11; Linux x86_64) AppleWebKit/537.36 (KHTML, like Gecko) HeadlessChrome/97.0.4692.71 Safari/537.36"""
106,172.19.131.174,2022/01/21 07:57:38,200,17900,https://intranet.smith.russellmitchell.com/?p=5,GET,/?p=5,HTTP/1.1,"""Mozilla/5.0 (X11; Linux x86_64) AppleWebKit/537.36 (KHTML, like Gecko) HeadlessChrome/97.0.4692.71 Safari/537.36"""
107,172.19.131.174,2022/01/21 07:57:38,200,10934,https://intranet.smith.russellmitchell.com/?p=5,GET,/wp-includes/css/dist/block-library/style.min.css?ver=5.8.3,HTTP/1.1,"""Mozilla/5.0 (X11; Linux x86_64) AppleWebKit/537.36 (KHTML, like Gecko) HeadlessChrome/97.0.4692.71 Safari/537.36"""
108,172.19.131.174,2022/01/21 07:57:38,200,3464,https://intranet.smith.russellmitchell.com/?p=5,GET,/wp-content/plugins/wpdiscuz/assets/third-party/font-awesome-5.13.0/css/fa.min.css?ver=7.0.4,HTTP/1.1,"""Mozilla/5.0 (X11; Linux x86_64) AppleWebKit/537.36 (KHTML, like Gecko) HeadlessChrome/97.0.4692.71 Safari/537.36"""
109,172.19.131.174,2022/01/21 07:57:38,200,6799,https://intranet.smith.russellmitchell.com/?p=5,GET,/wp-content/plugins/wpdiscuz/assets/css/wpdiscuz-combo.min.css?ver=5.8.3,HTTP/1.1,"""Mozilla/5.0 (X11; Linux x86_64) AppleWebKit/537.36 (KHTML, like Gecko) HeadlessChrome/97.0.4692.71 Safari/537.36"""
110,172.19.131.174,2022/01/21 07:57:38,200,1433,https://intranet.smith.russellmitchell.com/?p=5,GET,/wp-content/themes/go/dist/css/design-styles/style-traditional.min.css?ver=1.5.2,HTTP/1.1,"""Mozilla/5.0 (X11; Linux x86_64) AppleWebKit/537.36 (KHTML, like Gecko) HeadlessChrome/97.0.4692.71 Safari/537.36"""
111,172.19.131.174,2022/01/21 07:57:38,200,20302,https://intranet.smith.russellmitchell.com/?p=5,GET,/wp-content/plugins/wpdiscuz/themes/default/style.css?ver=7.0.4,HTTP/1.1,"""Mozilla/5.0 (X11; Linux x86_64) AppleWebKit/537.36 (KHTML, like Gecko) HeadlessChrome/97.0.4692.71 Safari/537.36"""
112,172.19.131.174,2022/01/21 07:57:38,200,5331,https://intranet.smith.russellmitchell.com/?p=5,GET,/wp-includes/js/wp-emoji-release.min.js?ver=5.8.3,HTTP/1.1,"""Mozilla/5.0 (X11; Linux x86_64) AppleWebKit/537.36 (KHTML, like Gecko) HeadlessChrome/97.0.4692.71 Safari/537.36"""
113,172.19.131.174,2022/01/21 07:57:38,200,23313,https://intranet.smith.russellmitchell.com/?p=5,GET,/wp-content/themes/go/dist/css/style-shared.min.css?ver=1.5.2,HTTP/1.1,"""Mozilla/5.0 (X11; Linux x86_64) AppleWebKit/537.36 (KHTML, like Gecko) HeadlessChrome/97.0.4692.71 Safari/537.36"""
114,172.19.131.174,2022/01/21 07:57:42,200,663,https://intranet.smith.russellmitchell.com/?p=5,POST,/wp-admin/admin-ajax.php,HTTP/1.1,"""Mozilla/5.0 (X11; Linux x86_64) AppleWebKit/537.36 (KHTML, like Gecko) HeadlessChrome/97.0.4692.71 Safari/537.36"""
115,172.19.131.174,2022/01/21 07:57:46,200,661,https://intranet.smith.russellmitchell.com/?p=5,POST,/wp-admin/admin-ajax.php,HTTP/1.1,"""Mozilla/5.0 (X11; Linux x86_64) AppleWebKit/537.36 (KHTML, like Gecko) HeadlessChrome/97.0.4692.71 Safari/537.36"""
116,172.19.131.174,2022/01/21 07:57:54,200,6203,-,GET,/,HTTP/1.1,"""Mozilla/5.0 (X11; Linux x86_64) AppleWebKit/537.36 (KHTML, like Gecko) HeadlessChrome/97.0.4692.71 Safari/537.36"""
117,172.19.131.174,2022/01/21 07:57:58,408,3020,-,,,,"""-"""
118,172.19.131.174,2022/01/21 07:57:58,408,3020,-,,,,"""-"""
119,172.19.131.174,2022/01/21 07:57:58,408,3020,-,,,,"""-"""
120,::1,2022/01/21 07:58:02,200,110,-,OPTIONS,*,HTTP/1.0,"""Apache/2.4.29 (Ubuntu) OpenSSL/1.1.1 (internal dummy connection)"""
121,10.143.3.65,2022/01/21 08:09:09,200,6203,-,GET,/,HTTP/1.1,"""Mozilla/5.0 (X11; Ubuntu; Linux x86_64; rv:86.0) Gecko/20100101 Firefox/86.0"""
122,10.143.3.65,2022/01/21 08:09:09,200,10846,http://intranet.smith.russellmitchell.com/,GET,/wp-includes/css/dist/block-library/style.min.css?ver=5.8.3,HTTP/1.1,"""Mozilla/5.0 (X11; Ubuntu; Linux x86_64; rv:86.0) Gecko/20100101 Firefox/86.0"""
123,10.143.3.65,2022/01/21 08:09:09,200,1099,http://intranet.smith.russellmitchell.com/,GET,/wp-includes/js/wp-embed.min.js?ver=5.8.3,HTTP/1.1,"""Mozilla/5.0 (X11; Ubuntu; Linux x86_64; rv:86.0) Gecko/20100101 Firefox/86.0"""
124,10.143.3.65,2022/01/21 08:09:09,200,1412,http://intranet.smith.russellmitchell.com/,GET,/wp-content/themes/go/dist/css/design-styles/style-traditional.min.css?ver=1.5.2,HTTP/1.1,"""Mozilla/5.0 (X11; Ubuntu; Linux x86_64; rv:86.0) Gecko/20100101 Firefox/86.0"""
125,10.143.3.65,2022/01/21 08:09:09,200,2916,http://intranet.smith.russellmitchell.com/,GET,/wp-content/themes/go/dist/js/frontend.min.js?ver=1.5.2,HTTP/1.1,"""Mozilla/5.0 (X11; Ubuntu; Linux x86_64; rv:86.0) Gecko/20100101 Firefox/86.0"""
126,10.143.3.65,2022/01/21 08:09:09,200,5266,http://intranet.smith.russellmitchell.com/,GET,/wp-includes/js/wp-emoji-release.min.js?ver=5.8.3,HTTP/1.1,"""Mozilla/5.0 (X11; Ubuntu; Linux x86_64; rv:86.0) Gecko/20100101 Firefox/86.0"""
127,10.143.3.65,2022/01/21 08:09:09,200,23204,http://intranet.smith.russellmitchell.com/,GET,/wp-content/themes/go/dist/css/style-shared.min.css?ver=1.5.2,HTTP/1.1,"""Mozilla/5.0 (X11; Ubuntu; Linux x86_64; rv:86.0) Gecko/20100101 Firefox/86.0"""
128,10.143.3.65,2022/01/21 08:09:09,404,396,http://intranet.smith.russellmitchell.com/,GET,/favicon.ico,HTTP/1.1,"""Mozilla/5.0 (X11; Ubuntu; Linux x86_64; rv:86.0) Gecko/20100101 Firefox/86.0"""
129,::1,2022/01/21 08:09:15,200,110,-,OPTIONS,*,HTTP/1.0,"""Apache/2.4.29 (Ubuntu) OpenSSL/1.1.1 (internal dummy connection)"""
130,10.143.3.65,2022/01/21 08:11:28,200,20813,-,GET,/?p=5,HTTP/1.1,"""Mozilla/5.0 (X11; Ubuntu; Linux x86_64; rv:86.0) Gecko/20100101 Firefox/86.0"""
131,10.143.3.65,2022/01/21 08:11:28,200,10934,https://intranet.smith.russellmitchell.com/?p=5,GET,/wp-includes/css/dist/block-library/style.min.css?ver=5.8.3,HTTP/1.1,"""Mozilla/5.0 (X11; Ubuntu; Linux x86_64; rv:86.0) Gecko/20100101 Firefox/86.0"""
132,10.143.3.65,2022/01/21 08:11:28,200,19726,https://intranet.smith.russellmitchell.com/?p=5,GET,/wp-content/plugins/wpdiscuz/themes/default/style.css?ver=7.0.4,HTTP/1.1,"""Mozilla/5.0 (X11; Ubuntu; Linux x86_64; rv:86.0) Gecko/20100101 Firefox/86.0"""
133,10.143.3.65,2022/01/21 08:11:28,200,2888,https://intranet.smith.russellmitchell.com/?p=5,GET,/wp-content/plugins/wpdiscuz/assets/third-party/font-awesome-5.13.0/css/fa.min.css?ver=7.0.4,HTTP/1.1,"""Mozilla/5.0 (X11; Ubuntu; Linux x86_64; rv:86.0) Gecko/20100101 Firefox/86.0"""
134,10.143.3.65,2022/01/21 08:11:28,200,23313,https://intranet.smith.russellmitchell.com/?p=5,GET,/wp-content/themes/go/dist/css/style-shared.min.css?ver=1.5.2,HTTP/1.1,"""Mozilla/5.0 (X11; Ubuntu; Linux x86_64; rv:86.0) Gecko/20100101 Firefox/86.0"""
135,10.143.3.65,2022/01/21 08:11:28,200,2981,https://intranet.smith.russellmitchell.com/?p=5,GET,/wp-content/themes/go/dist/js/frontend.min.js?ver=1.5.2,HTTP/1.1,"""Mozilla/5.0 (X11; Ubuntu; Linux x86_64; rv:86.0) Gecko/20100101 Firefox/86.0"""
136,10.143.3.65,2022/01/21 08:11:28,200,2009,https://intranet.smith.russellmitchell.com/?p=5,GET,/wp-content/themes/go/dist/css/design-styles/style-traditional.min.css?ver=1.5.2,HTTP/1.1,"""Mozilla/5.0 (X11; Ubuntu; Linux x86_64; rv:86.0) Gecko/20100101 Firefox/86.0"""
137,10.143.3.65,2022/01/21 08:11:28,200,7375,https://intranet.smith.russellmitchell.com/?p=5,GET,/wp-content/plugins/wpdiscuz/assets/css/wpdiscuz-combo.min.css?ver=5.8.3,HTTP/1.1,"""Mozilla/5.0 (X11; Ubuntu; Linux x86_64; rv:86.0) Gecko/20100101 Firefox/86.0"""
138,10.143.3.65,2022/01/21 08:11:28,200,5146,https://intranet.smith.russellmitchell.com/?p=5,GET,/wp-includes/js/jquery/jquery-migrate.min.js?ver=3.3.2,HTTP/1.1,"""Mozilla/5.0 (X11; Ubuntu; Linux x86_64; rv:86.0) Gecko/20100101 Firefox/86.0"""
139,10.143.3.65,2022/01/21 08:11:28,200,1120,https://intranet.smith.russellmitchell.com/?p=5,GET,/wp-includes/js/wp-embed.min.js?ver=5.8.3,HTTP/1.1,"""Mozilla/5.0 (X11; Ubuntu; Linux x86_64; rv:86.0) Gecko/20100101 Firefox/86.0"""
140,10.143.3.65,2022/01/21 08:11:28,200,1702,https://intranet.smith.russellmitchell.com/?p=5,GET,/wp-includes/js/comment-reply.min.js?ver=5.8.3,HTTP/1.1,"""Mozilla/5.0 (X11; Ubuntu; Linux x86_64; rv:86.0) Gecko/20100101 Firefox/86.0"""
141,10.143.3.65,2022/01/21 08:11:28,200,5331,https://intranet.smith.russellmitchell.com/?p=5,GET,/wp-includes/js/wp-emoji-release.min.js?ver=5.8.3,HTTP/1.1,"""Mozilla/5.0 (X11; Ubuntu; Linux x86_64; rv:86.0) Gecko/20100101 Firefox/86.0"""
142,10.143.3.65,2022/01/21 08:11:28,200,31953,https://intranet.smith.russellmitchell.com/?p=5,GET,/wp-includes/js/jquery/jquery.min.js?ver=3.6.0,HTTP/1.1,"""Mozilla/5.0 (X11; Ubuntu; Linux x86_64; rv:86.0) Gecko/20100101 Firefox/86.0"""
143,10.143.3.65,2022/01/21 08:11:28,200,71842,https://intranet.smith.russellmitchell.com/?p=5,GET,/wp-content/plugins/wpdiscuz/assets/js/wpdiscuz-combo.min.js?ver=7.0.4,HTTP/1.1,"""Mozilla/5.0 (X11; Ubuntu; Linux x86_64; rv:86.0) Gecko/20100101 Firefox/86.0"""
144,10.143.3.65,2022/01/21 08:11:29,200,18908,https://intranet.smith.russellmitchell.com/wp-content/plugins/wpdiscuz/themes/default/style.css?ver=7.0.4,GET,/wp-content/plugins/wpdiscuz/themes/default/css/fonts/sqr721c-webfont.woff2,HTTP/1.1,"""Mozilla/5.0 (X11; Ubuntu; Linux x86_64; rv:86.0) Gecko/20100101 Firefox/86.0"""
145,10.143.3.65,2022/01/21 08:11:29,200,13874,https://intranet.smith.russellmitchell.com/wp-content/plugins/wpdiscuz/assets/third-party/font-awesome-5.13.0/css/fa.min.css?ver=7.0.4,GET,/wp-content/plugins/wpdiscuz/assets/third-party/font-awesome-5.13.0/webfonts/fa-regular-400.woff2,HTTP/1.1,"""Mozilla/5.0 (X11; Ubuntu; Linux x86_64; rv:86.0) Gecko/20100101 Firefox/86.0"""
146,10.143.3.65,2022/01/21 08:11:29,200,79823,https://intranet.smith.russellmitchell.com/wp-content/plugins/wpdiscuz/assets/third-party/font-awesome-5.13.0/css/fa.min.css?ver=7.0.4,GET,/wp-content/plugins/wpdiscuz/assets/third-party/font-awesome-5.13.0/webfonts/fa-solid-900.woff2,HTTP/1.1,"""Mozilla/5.0 (X11; Ubuntu; Linux x86_64; rv:86.0) Gecko/20100101 Firefox/86.0"""
147,10.143.3.65,2022/01/21 08:11:29,200,76991,https://intranet.smith.russellmitchell.com/wp-content/plugins/wpdiscuz/assets/third-party/font-awesome-5.13.0/css/fa.min.css?ver=7.0.4,GET,/wp-content/plugins/wpdiscuz/assets/third-party/font-awesome-5.13.0/webfonts/fa-brands-400.woff2,HTTP/1.1,"""Mozilla/5.0 (X11; Ubuntu; Linux x86_64; rv:86.0) Gecko/20100101 Firefox/86.0"""
148,10.143.3.65,2022/01/21 08:11:29,404,418,https://intranet.smith.russellmitchell.com/?p=5,GET,/favicon.ico,HTTP/1.1,"""Mozilla/5.0 (X11; Ubuntu; Linux x86_64; rv:86.0) Gecko/20100101 Firefox/86.0"""
149,::1,2022/01/21 08:11:34,200,110,-,OPTIONS,*,HTTP/1.0,"""Apache/2.4.29 (Ubuntu) OpenSSL/1.1.1 (internal dummy connection)"""
150,10.143.3.65,2022/01/21 08:14:43,200,4069,https://intranet.smith.russellmitchell.com/wp-content/plugins/wpdiscuz/themes/default/style.css?ver=7.0.4,GET,/wp-content/plugins/wpdiscuz/assets/img/loading.gif,HTTP/1.1,"""Mozilla/5.0 (X11; Ubuntu; Linux x86_64; rv:86.0) Gecko/20100101 Firefox/86.0"""
151,10.143.3.65,2022/01/21 08:14:43,200,5739,https://intranet.smith.russellmitchell.com/?p=5,POST,/wp-admin/admin-ajax.php,HTTP/1.1,"""Mozilla/5.0 (X11; Ubuntu; Linux x86_64; rv:86.0) Gecko/20100101 Firefox/86.0"""
152,10.143.3.65,2022/01/21 08:14:43,200,549,https://intranet.smith.russellmitchell.com/?p=5,POST,/wp-admin/admin-ajax.php,HTTP/1.1,"""Mozilla/5.0 (X11; Ubuntu; Linux x86_64; rv:86.0) Gecko/20100101 Firefox/86.0"""
153,10.143.3.65,2022/01/21 08:16:11,200,5757,https://intranet.smith.russellmitchell.com/?p=5,POST,/wp-admin/admin-ajax.php,HTTP/1.1,"""Mozilla/5.0 (X11; Ubuntu; Linux x86_64; rv:86.0) Gecko/20100101 Firefox/86.0"""
154,10.143.3.65,2022/01/21 08:16:12,200,549,https://intranet.smith.russellmitchell.com/?p=5,POST,/wp-admin/admin-ajax.php,HTTP/1.1,"""Mozilla/5.0 (X11; Ubuntu; Linux x86_64; rv:86.0) Gecko/20100101 Firefox/86.0"""
155,10.143.3.65,2022/01/21 08:16:38,200,1237,https://intranet.smith.russellmitchell.com/?p=5,POST,/wp-admin/admin-ajax.php,HTTP/1.1,"""Mozilla/5.0 (X11; Ubuntu; Linux x86_64; rv:86.0) Gecko/20100101 Firefox/86.0"""
156,10.143.3.65,2022/01/21 08:17:13,200,5531,https://intranet.smith.russellmitchell.com/?p=5,POST,/wp-admin/admin-ajax.php,HTTP/1.1,"""Mozilla/5.0 (X11; Ubuntu; Linux x86_64; rv:86.0) Gecko/20100101 Firefox/86.0"""
157,10.143.3.65,2022/01/21 08:17:13,200,549,https://intranet.smith.russellmitchell.com/?p=5,POST,/wp-admin/admin-ajax.php,HTTP/1.1,"""Mozilla/5.0 (X11; Ubuntu; Linux x86_64; rv:86.0) Gecko/20100101 Firefox/86.0"""
158,10.143.3.65,2022/01/21 08:18:07,200,5675,https://intranet.smith.russellmitchell.com/?p=5,POST,/wp-admin/admin-ajax.php,HTTP/1.1,"""Mozilla/5.0 (X11; Ubuntu; Linux x86_64; rv:86.0) Gecko/20100101 Firefox/86.0"""
159,10.143.3.65,2022/01/21 08:18:07,200,549,https://intranet.smith.russellmitchell.com/?p=5,POST,/wp-admin/admin-ajax.php,HTTP/1.1,"""Mozilla/5.0 (X11; Ubuntu; Linux x86_64; rv:86.0) Gecko/20100101 Firefox/86.0"""
160,10.143.3.65,2022/01/21 08:18:57,200,6202,-,GET,/,HTTP/1.1,"""Mozilla/5.0 (X11; Ubuntu; Linux x86_64; rv:86.0) Gecko/20100101 Firefox/86.0"""
161,172.19.131.174,2022/01/21 08:48:37,200,6202,-,GET,/,HTTP/1.1,"""Mozilla/5.0 (X11; Linux x86_64) AppleWebKit/537.36 (KHTML, like Gecko) HeadlessChrome/97.0.4692.71 Safari/537.36"""
162,10.143.2.4,2022/01/21 08:48:37,200,150,-,POST,/wp-cron.php?doing_wp_cron=1642754917.8959629535675048828125,HTTP/1.1,"""WordPress/5.8.3; https://intranet.smith.russellmitchell.com"""
163,172.19.131.174,2022/01/21 08:49:29,408,0,-,,,,"""-"""
164,172.19.131.174,2022/01/21 08:53:40,200,21279,-,GET,/?p=5,HTTP/1.1,"""Mozilla/5.0 (X11; Linux x86_64) AppleWebKit/537.36 (KHTML, like Gecko) HeadlessChrome/97.0.4692.71 Safari/537.36"""
165,172.19.131.174,2022/01/21 08:53:40,200,10934,https://intranet.smith.russellmitchell.com/?p=5,GET,/wp-includes/css/dist/block-library/style.min.css?ver=5.8.3,HTTP/1.1,"""Mozilla/5.0 (X11; Linux x86_64) AppleWebKit/537.36 (KHTML, like Gecko) HeadlessChrome/97.0.4692.71 Safari/537.36"""
166,172.19.131.174,2022/01/21 08:53:40,200,3464,https://intranet.smith.russellmitchell.com/?p=5,GET,/wp-content/plugins/wpdiscuz/assets/third-party/font-awesome-5.13.0/css/fa.min.css?ver=7.0.4,HTTP/1.1,"""Mozilla/5.0 (X11; Linux x86_64) AppleWebKit/537.36 (KHTML, like Gecko) HeadlessChrome/97.0.4692.71 Safari/537.36"""
167,172.19.131.174,2022/01/21 08:53:40,200,7375,https://intranet.smith.russellmitchell.com/?p=5,GET,/wp-content/plugins/wpdiscuz/assets/css/wpdiscuz-combo.min.css?ver=5.8.3,HTTP/1.1,"""Mozilla/5.0 (X11; Linux x86_64) AppleWebKit/537.36 (KHTML, like Gecko) HeadlessChrome/97.0.4692.71 Safari/537.36"""
168,172.19.131.174,2022/01/21 08:53:40,200,20302,https://intranet.smith.russellmitchell.com/?p=5,GET,/wp-content/plugins/wpdiscuz/themes/default/style.css?ver=7.0.4,HTTP/1.1,"""Mozilla/5.0 (X11; Linux x86_64) AppleWebKit/537.36 (KHTML, like Gecko) HeadlessChrome/97.0.4692.71 Safari/537.36"""
169,172.19.131.174,2022/01/21 08:53:40,200,2009,https://intranet.smith.russellmitchell.com/?p=5,GET,/wp-content/themes/go/dist/css/design-styles/style-traditional.min.css?ver=1.5.2,HTTP/1.1,"""Mozilla/5.0 (X11; Linux x86_64) AppleWebKit/537.36 (KHTML, like Gecko) HeadlessChrome/97.0.4692.71 Safari/537.36"""
170,172.19.131.174,2022/01/21 08:53:40,200,4570,https://intranet.smith.russellmitchell.com/?p=5,GET,/wp-includes/js/jquery/jquery-migrate.min.js?ver=3.3.2,HTTP/1.1,"""Mozilla/5.0 (X11; Linux x86_64) AppleWebKit/537.36 (KHTML, like Gecko) HeadlessChrome/97.0.4692.71 Safari/537.36"""
171,172.19.131.174,2022/01/21 08:53:40,200,31377,https://intranet.smith.russellmitchell.com/?p=5,GET,/wp-includes/js/jquery/jquery.min.js?ver=3.6.0,HTTP/1.1,"""Mozilla/5.0 (X11; Linux x86_64) AppleWebKit/537.36 (KHTML, like Gecko) HeadlessChrome/97.0.4692.71 Safari/537.36"""
172,172.19.131.174,2022/01/21 08:53:40,200,26334,https://intranet.smith.russellmitchell.com/?p=5,GET,/wp-content/themes/go/dist/css/style-shared.min.css?ver=1.5.2,HTTP/1.1,"""Mozilla/5.0 (X11; Linux x86_64) AppleWebKit/537.36 (KHTML, like Gecko) HeadlessChrome/97.0.4692.71 Safari/537.36"""
173,172.19.131.174,2022/01/21 08:53:40,200,2981,https://intranet.smith.russellmitchell.com/?p=5,GET,/wp-content/themes/go/dist/js/frontend.min.js?ver=1.5.2,HTTP/1.1,"""Mozilla/5.0 (X11; Linux x86_64) AppleWebKit/537.36 (KHTML, like Gecko) HeadlessChrome/97.0.4692.71 Safari/537.36"""
174,172.19.131.174,2022/01/21 08:53:40,200,1702,https://intranet.smith.russellmitchell.com/?p=5,GET,/wp-includes/js/comment-reply.min.js?ver=5.8.3,HTTP/1.1,"""Mozilla/5.0 (X11; Linux x86_64) AppleWebKit/537.36 (KHTML, like Gecko) HeadlessChrome/97.0.4692.71 Safari/537.36"""
175,172.19.131.174,2022/01/21 08:53:40,200,1120,https://intranet.smith.russellmitchell.com/?p=5,GET,/wp-includes/js/wp-embed.min.js?ver=5.8.3,HTTP/1.1,"""Mozilla/5.0 (X11; Linux x86_64) AppleWebKit/537.36 (KHTML, like Gecko) HeadlessChrome/97.0.4692.71 Safari/537.36"""
176,172.19.131.174,2022/01/21 08:53:40,200,71266,https://intranet.smith.russellmitchell.com/?p=5,GET,/wp-content/plugins/wpdiscuz/assets/js/wpdiscuz-combo.min.js?ver=7.0.4,HTTP/1.1,"""Mozilla/5.0 (X11; Linux x86_64) AppleWebKit/537.36 (KHTML, like Gecko) HeadlessChrome/97.0.4692.71 Safari/537.36"""
177,172.19.131.174,2022/01/21 08:53:40,200,5331,https://intranet.smith.russellmitchell.com/?p=5,GET,/wp-includes/js/wp-emoji-release.min.js?ver=5.8.3,HTTP/1.1,"""Mozilla/5.0 (X11; Linux x86_64) AppleWebKit/537.36 (KHTML, like Gecko) HeadlessChrome/97.0.4692.71 Safari/537.36"""
178,172.19.131.174,2022/01/21 08:53:41,200,18908,https://intranet.smith.russellmitchell.com/wp-content/plugins/wpdiscuz/themes/default/style.css?ver=7.0.4,GET,/wp-content/plugins/wpdiscuz/themes/default/css/fonts/sqr721c-webfont.woff2,HTTP/1.1,"""Mozilla/5.0 (X11; Linux x86_64) AppleWebKit/537.36 (KHTML, like Gecko) HeadlessChrome/97.0.4692.71 Safari/537.36"""
179,172.19.131.174,2022/01/21 08:53:41,200,13874,https://intranet.smith.russellmitchell.com/wp-content/plugins/wpdiscuz/assets/third-party/font-awesome-5.13.0/css/fa.min.css?ver=7.0.4,GET,/wp-content/plugins/wpdiscuz/assets/third-party/font-awesome-5.13.0/webfonts/fa-regular-400.woff2,HTTP/1.1,"""Mozilla/5.0 (X11; Linux x86_64) AppleWebKit/537.36 (KHTML, like Gecko) HeadlessChrome/97.0.4692.71 Safari/537.36"""
180,172.19.131.174,2022/01/21 08:53:41,200,79823,https://intranet.smith.russellmitchell.com/wp-content/plugins/wpdiscuz/assets/third-party/font-awesome-5.13.0/css/fa.min.css?ver=7.0.4,GET,/wp-content/plugins/wpdiscuz/assets/third-party/font-awesome-5.13.0/webfonts/fa-solid-900.woff2,HTTP/1.1,"""Mozilla/5.0 (X11; Linux x86_64) AppleWebKit/537.36 (KHTML, like Gecko) HeadlessChrome/97.0.4692.71 Safari/537.36"""
181,172.19.131.174,2022/01/21 08:53:41,200,76991,https://intranet.smith.russellmitchell.com/wp-content/plugins/wpdiscuz/assets/third-party/font-awesome-5.13.0/css/fa.min.css?ver=7.0.4,GET,/wp-content/plugins/wpdiscuz/assets/third-party/font-awesome-5.13.0/webfonts/fa-brands-400.woff2,HTTP/1.1,"""Mozilla/5.0 (X11; Linux x86_64) AppleWebKit/537.36 (KHTML, like Gecko) HeadlessChrome/97.0.4692.71 Safari/537.36"""
182,::1,2022/01/21 08:53:48,200,110,-,OPTIONS,*,HTTP/1.0,"""Apache/2.4.29 (Ubuntu) OpenSSL/1.1.1 (internal dummy connection)"""
183,172.19.131.174,2022/01/21 08:56:50,200,4069,https://intranet.smith.russellmitchell.com/wp-content/plugins/wpdiscuz/themes/default/style.css?ver=7.0.4,GET,/wp-content/plugins/wpdiscuz/assets/img/loading.gif,HTTP/1.1,"""Mozilla/5.0 (X11; Linux x86_64) AppleWebKit/537.36 (KHTML, like Gecko) HeadlessChrome/97.0.4692.71 Safari/537.36"""
184,172.19.131.174,2022/01/21 08:56:50,200,5764,https://intranet.smith.russellmitchell.com/?p=5,POST,/wp-admin/admin-ajax.php,HTTP/1.1,"""Mozilla/5.0 (X11; Linux x86_64) AppleWebKit/537.36 (KHTML, like Gecko) HeadlessChrome/97.0.4692.71 Safari/537.36"""
185,172.19.131.174,2022/01/21 08:56:50,200,549,https://intranet.smith.russellmitchell.com/?p=5,POST,/wp-admin/admin-ajax.php,HTTP/1.1,"""Mozilla/5.0 (X11; Linux x86_64) AppleWebKit/537.36 (KHTML, like Gecko) HeadlessChrome/97.0.4692.71 Safari/537.36"""
186,172.19.131.174,2022/01/21 08:57:47,200,1237,https://intranet.smith.russellmitchell.com/?p=5,POST,/wp-admin/admin-ajax.php,HTTP/1.1,"""Mozilla/5.0 (X11; Linux x86_64) AppleWebKit/537.36 (KHTML, like Gecko) HeadlessChrome/97.0.4692.71 Safari/537.36"""
187,172.19.131.174,2022/01/21 08:57:55,200,6202,-,GET,/,HTTP/1.1,"""Mozilla/5.0 (X11; Linux x86_64) AppleWebKit/537.36 (KHTML, like Gecko) HeadlessChrome/97.0.4692.71 Safari/537.36"""
188,172.19.131.174,2022/01/21 08:59:29,200,19068,-,GET,/?p=5,HTTP/1.1,"""Mozilla/5.0 (X11; Linux x86_64) AppleWebKit/537.36 (KHTML, like Gecko) HeadlessChrome/97.0.4692.71 Safari/537.36"""
189,172.19.131.174,2022/01/21 08:59:29,200,10934,https://intranet.smith.russellmitchell.com/?p=5,GET,/wp-includes/css/dist/block-library/style.min.css?ver=5.8.3,HTTP/1.1,"""Mozilla/5.0 (X11; Linux x86_64) AppleWebKit/537.36 (KHTML, like Gecko) HeadlessChrome/97.0.4692.71 Safari/537.36"""
190,172.19.131.174,2022/01/21 08:59:29,200,3464,https://intranet.smith.russellmitchell.com/?p=5,GET,/wp-content/plugins/wpdiscuz/assets/third-party/font-awesome-5.13.0/css/fa.min.css?ver=7.0.4,HTTP/1.1,"""Mozilla/5.0 (X11; Linux x86_64) AppleWebKit/537.36 (KHTML, like Gecko) HeadlessChrome/97.0.4692.71 Safari/537.36"""
191,172.19.131.174,2022/01/21 08:59:29,200,20302,https://intranet.smith.russellmitchell.com/?p=5,GET,/wp-content/plugins/wpdiscuz/themes/default/style.css?ver=7.0.4,HTTP/1.1,"""Mozilla/5.0 (X11; Linux x86_64) AppleWebKit/537.36 (KHTML, like Gecko) HeadlessChrome/97.0.4692.71 Safari/537.36"""
192,172.19.131.174,2022/01/21 08:59:29,200,1433,https://intranet.smith.russellmitchell.com/?p=5,GET,/wp-content/themes/go/dist/css/design-styles/style-traditional.min.css?ver=1.5.2,HTTP/1.1,"""Mozilla/5.0 (X11; Linux x86_64) AppleWebKit/537.36 (KHTML, like Gecko) HeadlessChrome/97.0.4692.71 Safari/537.36"""
193,172.19.131.174,2022/01/21 08:59:29,200,7375,https://intranet.smith.russellmitchell.com/?p=5,GET,/wp-content/plugins/wpdiscuz/assets/css/wpdiscuz-combo.min.css?ver=5.8.3,HTTP/1.1,"""Mozilla/5.0 (X11; Linux x86_64) AppleWebKit/537.36 (KHTML, like Gecko) HeadlessChrome/97.0.4692.71 Safari/537.36"""
194,172.19.131.174,2022/01/21 08:59:29,200,4570,https://intranet.smith.russellmitchell.com/?p=5,GET,/wp-includes/js/jquery/jquery-migrate.min.js?ver=3.3.2,HTTP/1.1,"""Mozilla/5.0 (X11; Linux x86_64) AppleWebKit/537.36 (KHTML, like Gecko) HeadlessChrome/97.0.4692.71 Safari/537.36"""
195,172.19.131.174,2022/01/21 08:59:29,200,23889,https://intranet.smith.russellmitchell.com/?p=5,GET,/wp-content/themes/go/dist/css/style-shared.min.css?ver=1.5.2,HTTP/1.1,"""Mozilla/5.0 (X11; Linux x86_64) AppleWebKit/537.36 (KHTML, like Gecko) HeadlessChrome/97.0.4692.71 Safari/537.36"""
196,172.19.131.174,2022/01/21 08:59:29,200,34398,https://intranet.smith.russellmitchell.com/?p=5,GET,/wp-includes/js/jquery/jquery.min.js?ver=3.6.0,HTTP/1.1,"""Mozilla/5.0 (X11; Linux x86_64) AppleWebKit/537.36 (KHTML, like Gecko) HeadlessChrome/97.0.4692.71 Safari/537.36"""
197,172.19.131.174,2022/01/21 08:59:29,200,2981,https://intranet.smith.russellmitchell.com/?p=5,GET,/wp-content/themes/go/dist/js/frontend.min.js?ver=1.5.2,HTTP/1.1,"""Mozilla/5.0 (X11; Linux x86_64) AppleWebKit/537.36 (KHTML, like Gecko) HeadlessChrome/97.0.4692.71 Safari/537.36"""
198,172.19.131.174,2022/01/21 08:59:29,200,1702,https://intranet.smith.russellmitchell.com/?p=5,GET,/wp-includes/js/comment-reply.min.js?ver=5.8.3,HTTP/1.1,"""Mozilla/5.0 (X11; Linux x86_64) AppleWebKit/537.36 (KHTML, like Gecko) HeadlessChrome/97.0.4692.71 Safari/537.36"""
199,172.19.131.174,2022/01/21 08:59:29,200,1120,https://intranet.smith.russellmitchell.com/?p=5,GET,/wp-includes/js/wp-embed.min.js?ver=5.8.3,HTTP/1.1,"""Mozilla/5.0 (X11; Linux x86_64) AppleWebKit/537.36 (KHTML, like Gecko) HeadlessChrome/97.0.4692.71 Safari/537.36"""
200,172.19.131.174,2022/01/21 08:59:29,200,71266,https://intranet.smith.russellmitchell.com/?p=5,GET,/wp-content/plugins/wpdiscuz/assets/js/wpdiscuz-combo.min.js?ver=7.0.4,HTTP/1.1,"""Mozilla/5.0 (X11; Linux x86_64) AppleWebKit/537.36 (KHTML, like Gecko) HeadlessChrome/97.0.4692.71 Safari/537.36"""
201,172.19.131.174,2022/01/21 08:59:29,200,5331,https://intranet.smith.russellmitchell.com/?p=5,GET,/wp-includes/js/wp-emoji-release.min.js?ver=5.8.3,HTTP/1.1,"""Mozilla/5.0 (X11; Linux x86_64) AppleWebKit/537.36 (KHTML, like Gecko) HeadlessChrome/97.0.4692.71 Safari/537.36"""
202,172.19.131.174,2022/01/21 08:59:29,200,18908,https://intranet.smith.russellmitchell.com/wp-content/plugins/wpdiscuz/themes/default/style.css?ver=7.0.4,GET,/wp-content/plugins/wpdiscuz/themes/default/css/fonts/sqr721c-webfont.woff2,HTTP/1.1,"""Mozilla/5.0 (X11; Linux x86_64) AppleWebKit/537.36 (KHTML, like Gecko) HeadlessChrome/97.0.4692.71 Safari/537.36"""
203,172.19.131.174,2022/01/21 08:59:29,200,13874,https://intranet.smith.russellmitchell.com/wp-content/plugins/wpdiscuz/assets/third-party/font-awesome-5.13.0/css/fa.min.css?ver=7.0.4,GET,/wp-content/plugins/wpdiscuz/assets/third-party/font-awesome-5.13.0/webfonts/fa-regular-400.woff2,HTTP/1.1,"""Mozilla/5.0 (X11; Linux x86_64) AppleWebKit/537.36 (KHTML, like Gecko) HeadlessChrome/97.0.4692.71 Safari/537.36"""
204,172.19.131.174,2022/01/21 08:59:29,200,79823,https://intranet.smith.russellmitchell.com/wp-content/plugins/wpdiscuz/assets/third-party/font-awesome-5.13.0/css/fa.min.css?ver=7.0.4,GET,/wp-content/plugins/wpdiscuz/assets/third-party/font-awesome-5.13.0/webfonts/fa-solid-900.woff2,HTTP/1.1,"""Mozilla/5.0 (X11; Linux x86_64) AppleWebKit/537.36 (KHTML, like Gecko) HeadlessChrome/97.0.4692.71 Safari/537.36"""
205,172.19.131.174,2022/01/21 08:59:29,200,76991,https://intranet.smith.russellmitchell.com/wp-content/plugins/wpdiscuz/assets/third-party/font-awesome-5.13.0/css/fa.min.css?ver=7.0.4,GET,/wp-content/plugins/wpdiscuz/assets/third-party/font-awesome-5.13.0/webfonts/fa-brands-400.woff2,HTTP/1.1,"""Mozilla/5.0 (X11; Linux x86_64) AppleWebKit/537.36 (KHTML, like Gecko) HeadlessChrome/97.0.4692.71 Safari/537.36"""
206,::1,2022/01/21 08:59:37,200,110,-,OPTIONS,*,HTTP/1.0,"""Apache/2.4.29 (Ubuntu) OpenSSL/1.1.1 (internal dummy connection)"""
